item_id	case_order	source_order	test_sample_index	task_id	target_token_index	target_token	generated_first_error	reference_token	source_rank	source_method_rank	source_ranking	source_token_index	source_token	alti_saliency	source_context	target_context	generated_completion_preview	reference_completion_preview	full_generated_code_path	full_reference_code_path	full_generated_completion_path	full_reference_completion_path	full_prompt_path	human_label	human_confidence	human_rationale
test0_t451_s01	1	1	0	test0	451	adapter	adapter	config	1	1	alti_saliency	75	iterator	0.031978	/kubernetes /K ubernetes /vendor /github .com /json - [SOURCE:iterator] /go  Below  is  the  code  repository :  github	 are  returned <|im_end|> \n <|im_start|> assistant \n \t [TARGET:adapter] .stream .Set Indent (prefix ,  indent )\n \t	\n\tadapter.stream.SetIndent(prefix, indent)\n\tadapter.stream.Flush()	\n\tconfig := adapter.stream.cfg.configBeforeFrozen\n\tconfig.IndentionStep = len(indent)\n\tadapter.stream.cfg = config.frozeWithCacheReuse(adapter.stream.cfg.extraExtensions)	spurious_correlation_results/human_annotation/full_code/test0/generated.go	spurious_correlation_results/human_annotation/full_code/test0/reference.go	spurious_correlation_results/human_annotation/full_code/test0/generated_completion.txt	spurious_correlation_results/human_annotation/full_code/test0/reference_completion.txt	spurious_correlation_results/human_annotation/full_code/test0/prompt.txt			
test0_t451_s02	1	2	0	test0	451	adapter	adapter	config	2	2	alti_saliency	122	 func	0.019786	 * Stream \n }\n\n //  Methods :\n - [SOURCE: func]  ( adapter  * Encoder )  Encode (val  *	 are  returned <|im_end|> \n <|im_start|> assistant \n \t [TARGET:adapter] .stream .Set Indent (prefix ,  indent )\n \t	\n\tadapter.stream.SetIndent(prefix, indent)\n\tadapter.stream.Flush()	\n\tconfig := adapter.stream.cfg.configBeforeFrozen\n\tconfig.IndentionStep = len(indent)\n\tadapter.stream.cfg = config.frozeWithCacheReuse(adapter.stream.cfg.extraExtensions)	spurious_correlation_results/human_annotation/full_code/test0/generated.go	spurious_correlation_results/human_annotation/full_code/test0/reference.go	spurious_correlation_results/human_annotation/full_code/test0/generated_completion.txt	spurious_correlation_results/human_annotation/full_code/test0/reference_completion.txt	spurious_correlation_results/human_annotation/full_code/test0/prompt.txt			
test0_t451_s03	1	3	0	test0	451	adapter	adapter	config	3	3	alti_saliency	110	 Encoder	0.018168	 receiver  struct  definitions  of  the  function  is  type [SOURCE: Encoder]  struct  {\n \tstream  * Stream \n }\n\n //	 are  returned <|im_end|> \n <|im_start|> assistant \n \t [TARGET:adapter] .stream .Set Indent (prefix ,  indent )\n \t	\n\tadapter.stream.SetIndent(prefix, indent)\n\tadapter.stream.Flush()	\n\tconfig := adapter.stream.cfg.configBeforeFrozen\n\tconfig.IndentionStep = len(indent)\n\tadapter.stream.cfg = config.frozeWithCacheReuse(adapter.stream.cfg.extraExtensions)	spurious_correlation_results/human_annotation/full_code/test0/generated.go	spurious_correlation_results/human_annotation/full_code/test0/reference.go	spurious_correlation_results/human_annotation/full_code/test0/generated_completion.txt	spurious_correlation_results/human_annotation/full_code/test0/reference_completion.txt	spurious_correlation_results/human_annotation/full_code/test0/prompt.txt			
test0_t451_s04	1	4	0	test0	451	adapter	adapter	config	4	4	alti_saliency	73	/json	0.017351	github .com /kubernetes /K ubernetes /vendor /github .com [SOURCE:/json] - iterator /go  Below  is  the  code  repository	 are  returned <|im_end|> \n <|im_start|> assistant \n \t [TARGET:adapter] .stream .Set Indent (prefix ,  indent )\n \t	\n\tadapter.stream.SetIndent(prefix, indent)\n\tadapter.stream.Flush()	\n\tconfig := adapter.stream.cfg.configBeforeFrozen\n\tconfig.IndentionStep = len(indent)\n\tadapter.stream.cfg = config.frozeWithCacheReuse(adapter.stream.cfg.extraExtensions)	spurious_correlation_results/human_annotation/full_code/test0/generated.go	spurious_correlation_results/human_annotation/full_code/test0/reference.go	spurious_correlation_results/human_annotation/full_code/test0/generated_completion.txt	spurious_correlation_results/human_annotation/full_code/test0/reference_completion.txt	spurious_correlation_results/human_annotation/full_code/test0/prompt.txt			
test0_t451_s05	1	5	0	test0	451	adapter	adapter	config	5	5	alti_saliency	111	 struct	0.016429	 struct  definitions  of  the  function  is  type  Encoder [SOURCE: struct]  {\n \tstream  * Stream \n }\n\n //  Methods	 are  returned <|im_end|> \n <|im_start|> assistant \n \t [TARGET:adapter] .stream .Set Indent (prefix ,  indent )\n \t	\n\tadapter.stream.SetIndent(prefix, indent)\n\tadapter.stream.Flush()	\n\tconfig := adapter.stream.cfg.configBeforeFrozen\n\tconfig.IndentionStep = len(indent)\n\tadapter.stream.cfg = config.frozeWithCacheReuse(adapter.stream.cfg.extraExtensions)	spurious_correlation_results/human_annotation/full_code/test0/generated.go	spurious_correlation_results/human_annotation/full_code/test0/reference.go	spurious_correlation_results/human_annotation/full_code/test0/generated_completion.txt	spurious_correlation_results/human_annotation/full_code/test0/reference_completion.txt	spurious_correlation_results/human_annotation/full_code/test0/prompt.txt			
test0_t451_s06	1	6	0	test0	451	adapter	adapter	config	6	6	alti_saliency	145	Indent	0.015489	-  func  ( adapter  * Encoder )  Set [SOURCE:Indent] (( prefix  string ,  indent  string ))\n -	 are  returned <|im_end|> \n <|im_start|> assistant \n \t [TARGET:adapter] .stream .Set Indent (prefix ,  indent )\n \t	\n\tadapter.stream.SetIndent(prefix, indent)\n\tadapter.stream.Flush()	\n\tconfig := adapter.stream.cfg.configBeforeFrozen\n\tconfig.IndentionStep = len(indent)\n\tadapter.stream.cfg = config.frozeWithCacheReuse(adapter.stream.cfg.extraExtensions)	spurious_correlation_results/human_annotation/full_code/test0/generated.go	spurious_correlation_results/human_annotation/full_code/test0/reference.go	spurious_correlation_results/human_annotation/full_code/test0/generated_completion.txt	spurious_correlation_results/human_annotation/full_code/test0/reference_completion.txt	spurious_correlation_results/human_annotation/full_code/test0/prompt.txt			
test0_t451_s07	1	7	0	test0	451	adapter	adapter	config	7	7	alti_saliency	413	func	0.014632	Indent (( prefix  string ,  indent  string ))\n [SOURCE:func]  ( adapter  * Encoder )  Set Indent (prefix	 are  returned <|im_end|> \n <|im_start|> assistant \n \t [TARGET:adapter] .stream .Set Indent (prefix ,  indent )\n \t	\n\tadapter.stream.SetIndent(prefix, indent)\n\tadapter.stream.Flush()	\n\tconfig := adapter.stream.cfg.configBeforeFrozen\n\tconfig.IndentionStep = len(indent)\n\tadapter.stream.cfg = config.frozeWithCacheReuse(adapter.stream.cfg.extraExtensions)	spurious_correlation_results/human_annotation/full_code/test0/generated.go	spurious_correlation_results/human_annotation/full_code/test0/reference.go	spurious_correlation_results/human_annotation/full_code/test0/generated_completion.txt	spurious_correlation_results/human_annotation/full_code/test0/reference_completion.txt	spurious_correlation_results/human_annotation/full_code/test0/prompt.txt			
test0_t451_s08	1	8	0	test0	451	adapter	adapter	config	8	8	alti_saliency	405	Indent	0.014366	 complete  func  ( adapter  * Encoder )  Set [SOURCE:Indent] (( prefix  string ,  indent  string ))\n func	 are  returned <|im_end|> \n <|im_start|> assistant \n \t [TARGET:adapter] .stream .Set Indent (prefix ,  indent )\n \t	\n\tadapter.stream.SetIndent(prefix, indent)\n\tadapter.stream.Flush()	\n\tconfig := adapter.stream.cfg.configBeforeFrozen\n\tconfig.IndentionStep = len(indent)\n\tadapter.stream.cfg = config.frozeWithCacheReuse(adapter.stream.cfg.extraExtensions)	spurious_correlation_results/human_annotation/full_code/test0/generated.go	spurious_correlation_results/human_annotation/full_code/test0/reference.go	spurious_correlation_results/human_annotation/full_code/test0/generated_completion.txt	spurious_correlation_results/human_annotation/full_code/test0/reference_completion.txt	spurious_correlation_results/human_annotation/full_code/test0/prompt.txt			
test0_t451_s09	1	9	0	test0	451	adapter	adapter	config	9	9	alti_saliency	62	 package	0.011703	 provided  code     content .  Below  is  the [SOURCE: package]  path : github .com /kubernetes /K ubernetes /vendor	 are  returned <|im_end|> \n <|im_start|> assistant \n \t [TARGET:adapter] .stream .Set Indent (prefix ,  indent )\n \t	\n\tadapter.stream.SetIndent(prefix, indent)\n\tadapter.stream.Flush()	\n\tconfig := adapter.stream.cfg.configBeforeFrozen\n\tconfig.IndentionStep = len(indent)\n\tadapter.stream.cfg = config.frozeWithCacheReuse(adapter.stream.cfg.extraExtensions)	spurious_correlation_results/human_annotation/full_code/test0/generated.go	spurious_correlation_results/human_annotation/full_code/test0/reference.go	spurious_correlation_results/human_annotation/full_code/test0/generated_completion.txt	spurious_correlation_results/human_annotation/full_code/test0/reference_completion.txt	spurious_correlation_results/human_annotation/full_code/test0/prompt.txt			
test0_t451_s10	1	10	0	test0	451	adapter	adapter	config	10	10	alti_saliency	350	func	0.010901	\treturn  Config Default .New Encoder (writer )\n }\n\n [SOURCE:func]  ( adapter  * Encoder )  Encode (val  interface	 are  returned <|im_end|> \n <|im_start|> assistant \n \t [TARGET:adapter] .stream .Set Indent (prefix ,  indent )\n \t	\n\tadapter.stream.SetIndent(prefix, indent)\n\tadapter.stream.Flush()	\n\tconfig := adapter.stream.cfg.configBeforeFrozen\n\tconfig.IndentionStep = len(indent)\n\tadapter.stream.cfg = config.frozeWithCacheReuse(adapter.stream.cfg.extraExtensions)	spurious_correlation_results/human_annotation/full_code/test0/generated.go	spurious_correlation_results/human_annotation/full_code/test0/reference.go	spurious_correlation_results/human_annotation/full_code/test0/generated_completion.txt	spurious_correlation_results/human_annotation/full_code/test0/reference_completion.txt	spurious_correlation_results/human_annotation/full_code/test0/prompt.txt			
test6_t783_s01	2	1	6	test6	783	"("""	"""invalid configuration, multiple packages with the same name: pkg=%s"""	"""invalid configuration, multiple aliases for the same package: pkg=%s aliases=[%s,%s]"""	1	1	alti_saliency	782	.Errorf	0.040401	"<|im_start|> assistant \n \t\t\t \tl int Ctx .Log [SOURCE:.Errorf] ("" invalid  configuration ,  multiple  packages  with  the"	"assistant \n \t\t\t \tl int Ctx .Log .Errorf [TARGET:(""] invalid  configuration ,  multiple  packages  with  the  same"	"\n\t\t\t\tlintCtx.Log.Errorf(""invalid configuration, multiple packages with the same name: pkg=%s"", a.Pkg)\n\t\t\t\tcontinue"	"\n\t\t\t\tlintCtx.Log.Errorf(""invalid configuration, multiple aliases for the same package: pkg=%s aliases=[%s,%s]"", a.Pkg, a.Alias, v.Alias)\n\t\t\t} else {\n\t\t\t\tuniqPackages[a.Pkg] = a"	spurious_correlation_results/human_annotation/full_code/test6/generated.go	spurious_correlation_results/human_annotation/full_code/test6/reference.go	spurious_correlation_results/human_annotation/full_code/test6/generated_completion.txt	spurious_correlation_results/human_annotation/full_code/test6/reference_completion.txt	spurious_correlation_results/human_annotation/full_code/test6/prompt.txt			
test6_t783_s02	2	2	6	test6	783	"("""	"""invalid configuration, multiple packages with the same name: pkg=%s"""	"""invalid configuration, multiple aliases for the same package: pkg=%s aliases=[%s,%s]"""	2	2	alti_saliency	516	.Errorf	0.021028	" ==  """"  {\n \t\t\t \tl int Ctx .Log [SOURCE:.Errorf] ("" invalid  configuration ,  empty  package :  pkg"	"assistant \n \t\t\t \tl int Ctx .Log .Errorf [TARGET:(""] invalid  configuration ,  multiple  packages  with  the  same"	"\n\t\t\t\tlintCtx.Log.Errorf(""invalid configuration, multiple packages with the same name: pkg=%s"", a.Pkg)\n\t\t\t\tcontinue"	"\n\t\t\t\tlintCtx.Log.Errorf(""invalid configuration, multiple aliases for the same package: pkg=%s aliases=[%s,%s]"", a.Pkg, a.Alias, v.Alias)\n\t\t\t} else {\n\t\t\t\tuniqPackages[a.Pkg] = a"	spurious_correlation_results/human_annotation/full_code/test6/generated.go	spurious_correlation_results/human_annotation/full_code/test6/reference.go	spurious_correlation_results/human_annotation/full_code/test6/generated_completion.txt	spurious_correlation_results/human_annotation/full_code/test6/reference_completion.txt	spurious_correlation_results/human_annotation/full_code/test6/prompt.txt			
test6_t783_s03	2	3	6	test6	783	"("""	"""invalid configuration, multiple packages with the same name: pkg=%s"""	"""invalid configuration, multiple aliases for the same package: pkg=%s aliases=[%s,%s]"""	3	3	alti_saliency	640	.Errorf	0.012324	" ""$ "")  {\n \t\t\t \tl int Ctx .Log [SOURCE:.Errorf] ("" invalid  configuration ,  multiple  packages  with  the"	"assistant \n \t\t\t \tl int Ctx .Log .Errorf [TARGET:(""] invalid  configuration ,  multiple  packages  with  the  same"	"\n\t\t\t\tlintCtx.Log.Errorf(""invalid configuration, multiple packages with the same name: pkg=%s"", a.Pkg)\n\t\t\t\tcontinue"	"\n\t\t\t\tlintCtx.Log.Errorf(""invalid configuration, multiple aliases for the same package: pkg=%s aliases=[%s,%s]"", a.Pkg, a.Alias, v.Alias)\n\t\t\t} else {\n\t\t\t\tuniqPackages[a.Pkg] = a"	spurious_correlation_results/human_annotation/full_code/test6/generated.go	spurious_correlation_results/human_annotation/full_code/test6/reference.go	spurious_correlation_results/human_annotation/full_code/test6/generated_completion.txt	spurious_correlation_results/human_annotation/full_code/test6/reference_completion.txt	spurious_correlation_results/human_annotation/full_code/test6/prompt.txt			
test6_t783_s04	2	4	6	test6	783	"("""	"""invalid configuration, multiple packages with the same name: pkg=%s"""	"""invalid configuration, multiple aliases for the same package: pkg=%s aliases=[%s,%s]"""	4	4	alti_saliency	352	.Infof	0.011687	"  0  {\n \t\t \tl int Ctx .Log [SOURCE:.Infof] ("" import as  settings  found ,  but  no"	"assistant \n \t\t\t \tl int Ctx .Log .Errorf [TARGET:(""] invalid  configuration ,  multiple  packages  with  the  same"	"\n\t\t\t\tlintCtx.Log.Errorf(""invalid configuration, multiple packages with the same name: pkg=%s"", a.Pkg)\n\t\t\t\tcontinue"	"\n\t\t\t\tlintCtx.Log.Errorf(""invalid configuration, multiple aliases for the same package: pkg=%s aliases=[%s,%s]"", a.Pkg, a.Alias, v.Alias)\n\t\t\t} else {\n\t\t\t\tuniqPackages[a.Pkg] = a"	spurious_correlation_results/human_annotation/full_code/test6/generated.go	spurious_correlation_results/human_annotation/full_code/test6/reference.go	spurious_correlation_results/human_annotation/full_code/test6/generated_completion.txt	spurious_correlation_results/human_annotation/full_code/test6/reference_completion.txt	spurious_correlation_results/human_annotation/full_code/test6/prompt.txt			
test6_t783_s05	2	5	6	test6	783	"("""	"""invalid configuration, multiple packages with the same name: pkg=%s"""	"""invalid configuration, multiple aliases for the same package: pkg=%s aliases=[%s,%s]"""	5	5	alti_saliency	405	.Errorf	0.010773	" !=  nil  {\n \t\t \tl int Ctx .Log [SOURCE:.Errorf] ("" failed  to  parse  configuration :  % v"	"assistant \n \t\t\t \tl int Ctx .Log .Errorf [TARGET:(""] invalid  configuration ,  multiple  packages  with  the  same"	"\n\t\t\t\tlintCtx.Log.Errorf(""invalid configuration, multiple packages with the same name: pkg=%s"", a.Pkg)\n\t\t\t\tcontinue"	"\n\t\t\t\tlintCtx.Log.Errorf(""invalid configuration, multiple aliases for the same package: pkg=%s aliases=[%s,%s]"", a.Pkg, a.Alias, v.Alias)\n\t\t\t} else {\n\t\t\t\tuniqPackages[a.Pkg] = a"	spurious_correlation_results/human_annotation/full_code/test6/generated.go	spurious_correlation_results/human_annotation/full_code/test6/reference.go	spurious_correlation_results/human_annotation/full_code/test6/generated_completion.txt	spurious_correlation_results/human_annotation/full_code/test6/reference_completion.txt	spurious_correlation_results/human_annotation/full_code/test6/prompt.txt			
test6_t783_s06	2	6	6	test6	783	"("""	"""invalid configuration, multiple packages with the same name: pkg=%s"""	"""invalid configuration, multiple aliases for the same package: pkg=%s aliases=[%s,%s]"""	6	6	alti_saliency	556	];	0.009569	,  ok  :=  uniq Packages [a .P kg [SOURCE:];]  ok  {  < M ID >  \t\t \t	"assistant \n \t\t\t \tl int Ctx .Log .Errorf [TARGET:(""] invalid  configuration ,  multiple  packages  with  the  same"	"\n\t\t\t\tlintCtx.Log.Errorf(""invalid configuration, multiple packages with the same name: pkg=%s"", a.Pkg)\n\t\t\t\tcontinue"	"\n\t\t\t\tlintCtx.Log.Errorf(""invalid configuration, multiple aliases for the same package: pkg=%s aliases=[%s,%s]"", a.Pkg, a.Alias, v.Alias)\n\t\t\t} else {\n\t\t\t\tuniqPackages[a.Pkg] = a"	spurious_correlation_results/human_annotation/full_code/test6/generated.go	spurious_correlation_results/human_annotation/full_code/test6/reference.go	spurious_correlation_results/human_annotation/full_code/test6/generated_completion.txt	spurious_correlation_results/human_annotation/full_code/test6/reference_completion.txt	spurious_correlation_results/human_annotation/full_code/test6/prompt.txt			
test6_t783_s07	2	7	6	test6	783	"("""	"""invalid configuration, multiple packages with the same name: pkg=%s"""	"""invalid configuration, multiple aliases for the same package: pkg=%s aliases=[%s,%s]"""	7	7	alti_saliency	781	.Log	0.008516	"\n <|im_start|> assistant \n \t\t\t \tl int Ctx [SOURCE:.Log] .Errorf ("" invalid  configuration ,  multiple  packages  with"	"assistant \n \t\t\t \tl int Ctx .Log .Errorf [TARGET:(""] invalid  configuration ,  multiple  packages  with  the  same"	"\n\t\t\t\tlintCtx.Log.Errorf(""invalid configuration, multiple packages with the same name: pkg=%s"", a.Pkg)\n\t\t\t\tcontinue"	"\n\t\t\t\tlintCtx.Log.Errorf(""invalid configuration, multiple aliases for the same package: pkg=%s aliases=[%s,%s]"", a.Pkg, a.Alias, v.Alias)\n\t\t\t} else {\n\t\t\t\tuniqPackages[a.Pkg] = a"	spurious_correlation_results/human_annotation/full_code/test6/generated.go	spurious_correlation_results/human_annotation/full_code/test6/reference.go	spurious_correlation_results/human_annotation/full_code/test6/generated_completion.txt	spurious_correlation_results/human_annotation/full_code/test6/reference_completion.txt	spurious_correlation_results/human_annotation/full_code/test6/prompt.txt			
test6_t783_s08	2	8	6	test6	783	"("""	"""invalid configuration, multiple packages with the same name: pkg=%s"""	"""invalid configuration, multiple aliases for the same package: pkg=%s aliases=[%s,%s]"""	8	8	alti_saliency	256	func	0.008443	Settings )  * go analysis .L inter \n [SOURCE:func]  New (settings  * config .Import As Settings )	"assistant \n \t\t\t \tl int Ctx .Log .Errorf [TARGET:(""] invalid  configuration ,  multiple  packages  with  the  same"	"\n\t\t\t\tlintCtx.Log.Errorf(""invalid configuration, multiple packages with the same name: pkg=%s"", a.Pkg)\n\t\t\t\tcontinue"	"\n\t\t\t\tlintCtx.Log.Errorf(""invalid configuration, multiple aliases for the same package: pkg=%s aliases=[%s,%s]"", a.Pkg, a.Alias, v.Alias)\n\t\t\t} else {\n\t\t\t\tuniqPackages[a.Pkg] = a"	spurious_correlation_results/human_annotation/full_code/test6/generated.go	spurious_correlation_results/human_annotation/full_code/test6/reference.go	spurious_correlation_results/human_annotation/full_code/test6/generated_completion.txt	spurious_correlation_results/human_annotation/full_code/test6/reference_completion.txt	spurious_correlation_results/human_annotation/full_code/test6/prompt.txt			
test6_t783_s09	2	9	6	test6	783	"("""	"""invalid configuration, multiple packages with the same name: pkg=%s"""	"""invalid configuration, multiple aliases for the same package: pkg=%s aliases=[%s,%s]"""	9	9	alti_saliency	518	invalid	0.008113	" {\n \t\t\t \tl int Ctx .Log .Errorf ("" [SOURCE:invalid]  configuration ,  empty  package :  pkg =% s"	"assistant \n \t\t\t \tl int Ctx .Log .Errorf [TARGET:(""] invalid  configuration ,  multiple  packages  with  the  same"	"\n\t\t\t\tlintCtx.Log.Errorf(""invalid configuration, multiple packages with the same name: pkg=%s"", a.Pkg)\n\t\t\t\tcontinue"	"\n\t\t\t\tlintCtx.Log.Errorf(""invalid configuration, multiple aliases for the same package: pkg=%s aliases=[%s,%s]"", a.Pkg, a.Alias, v.Alias)\n\t\t\t} else {\n\t\t\t\tuniqPackages[a.Pkg] = a"	spurious_correlation_results/human_annotation/full_code/test6/generated.go	spurious_correlation_results/human_annotation/full_code/test6/reference.go	spurious_correlation_results/human_annotation/full_code/test6/generated_completion.txt	spurious_correlation_results/human_annotation/full_code/test6/reference_completion.txt	spurious_correlation_results/human_annotation/full_code/test6/prompt.txt			
test6_t783_s10	2	10	6	test6	783	"("""	"""invalid configuration, multiple packages with the same name: pkg=%s"""	"""invalid configuration, multiple aliases for the same package: pkg=%s aliases=[%s,%s]"""	10	10	alti_saliency	78	inters	0.007165	/g olang ci -l int /pkg /g ol [SOURCE:inters] /import as  Below  is  the  code  repository :	"assistant \n \t\t\t \tl int Ctx .Log .Errorf [TARGET:(""] invalid  configuration ,  multiple  packages  with  the  same"	"\n\t\t\t\tlintCtx.Log.Errorf(""invalid configuration, multiple packages with the same name: pkg=%s"", a.Pkg)\n\t\t\t\tcontinue"	"\n\t\t\t\tlintCtx.Log.Errorf(""invalid configuration, multiple aliases for the same package: pkg=%s aliases=[%s,%s]"", a.Pkg, a.Alias, v.Alias)\n\t\t\t} else {\n\t\t\t\tuniqPackages[a.Pkg] = a"	spurious_correlation_results/human_annotation/full_code/test6/generated.go	spurious_correlation_results/human_annotation/full_code/test6/reference.go	spurious_correlation_results/human_annotation/full_code/test6/generated_completion.txt	spurious_correlation_results/human_annotation/full_code/test6/reference_completion.txt	spurious_correlation_results/human_annotation/full_code/test6/prompt.txt			
test8_t1930_s01	3	1	8	test8	1930	\tresult	result	return	1	1	alti_saliency	1882	 expand	0.021001	 the  function  you  are  asked  to  complete  func [SOURCE: expand] (( s  string ,  env  * ast .Map	">  are  returned <|im_end|> \n <|im_start|> assistant \n [TARGET:\tresult] ,  _  :=  tmpl .New (""""). Apply (s"	"\n\tresult, _ := tmpl.New("""").Apply(s, env)\n\treturn result"	\n\treturn os.Expand(s, func(key string) string {\n\t\treturn env[key]\n\t})	spurious_correlation_results/human_annotation/full_code/test8/generated.go	spurious_correlation_results/human_annotation/full_code/test8/reference.go	spurious_correlation_results/human_annotation/full_code/test8/generated_completion.txt	spurious_correlation_results/human_annotation/full_code/test8/reference_completion.txt	spurious_correlation_results/human_annotation/full_code/test8/prompt.txt			
test8_t1930_s02	3	2	8	test8	1930	\tresult	result	return	2	2	alti_saliency	1895	func	0.016415	 env  * ast .Map Type ))  string \n [SOURCE:func]  expand (s  string ,  env  map [string ]string	">  are  returned <|im_end|> \n <|im_start|> assistant \n [TARGET:\tresult] ,  _  :=  tmpl .New (""""). Apply (s"	"\n\tresult, _ := tmpl.New("""").Apply(s, env)\n\treturn result"	\n\treturn os.Expand(s, func(key string) string {\n\t\treturn env[key]\n\t})	spurious_correlation_results/human_annotation/full_code/test8/generated.go	spurious_correlation_results/human_annotation/full_code/test8/reference.go	spurious_correlation_results/human_annotation/full_code/test8/generated_completion.txt	spurious_correlation_results/human_annotation/full_code/test8/reference_completion.txt	spurious_correlation_results/human_annotation/full_code/test8/prompt.txt			
test8_t1930_s03	3	3	8	test8	1930	\tresult	result	return	3	3	alti_saliency	1896	 expand	0.016276	 * ast .Map Type ))  string \n func [SOURCE: expand] (s  string ,  env  map [string ]string )	">  are  returned <|im_end|> \n <|im_start|> assistant \n [TARGET:\tresult] ,  _  :=  tmpl .New (""""). Apply (s"	"\n\tresult, _ := tmpl.New("""").Apply(s, env)\n\treturn result"	\n\treturn os.Expand(s, func(key string) string {\n\t\treturn env[key]\n\t})	spurious_correlation_results/human_annotation/full_code/test8/generated.go	spurious_correlation_results/human_annotation/full_code/test8/reference.go	spurious_correlation_results/human_annotation/full_code/test8/generated_completion.txt	spurious_correlation_results/human_annotation/full_code/test8/reference_completion.txt	spurious_correlation_results/human_annotation/full_code/test8/prompt.txt			
test8_t1930_s04	3	4	8	test8	1930	\tresult	result	return	4	4	alti_saliency	1881	 func	0.013719	 is  the  function  you  are  asked  to  complete [SOURCE: func]  expand (( s  string ,  env  * ast	">  are  returned <|im_end|> \n <|im_start|> assistant \n [TARGET:\tresult] ,  _  :=  tmpl .New (""""). Apply (s"	"\n\tresult, _ := tmpl.New("""").Apply(s, env)\n\treturn result"	\n\treturn os.Expand(s, func(key string) string {\n\t\treturn env[key]\n\t})	spurious_correlation_results/human_annotation/full_code/test8/generated.go	spurious_correlation_results/human_annotation/full_code/test8/reference.go	spurious_correlation_results/human_annotation/full_code/test8/generated_completion.txt	spurious_correlation_results/human_annotation/full_code/test8/reference_completion.txt	spurious_correlation_results/human_annotation/full_code/test8/prompt.txt			
test8_t1930_s05	3	5	8	test8	1930	\tresult	result	return	5	5	alti_saliency	1363	(exp	0.011259	ed KeyValue ,  err  :=  templ ater .Apply [SOURCE:(exp] and (key Value ,  env ))\n \t \tif	">  are  returned <|im_end|> \n <|im_start|> assistant \n [TARGET:\tresult] ,  _  :=  tmpl .New (""""). Apply (s"	"\n\tresult, _ := tmpl.New("""").Apply(s, env)\n\treturn result"	\n\treturn os.Expand(s, func(key string) string {\n\t\treturn env[key]\n\t})	spurious_correlation_results/human_annotation/full_code/test8/generated.go	spurious_correlation_results/human_annotation/full_code/test8/reference.go	spurious_correlation_results/human_annotation/full_code/test8/generated_completion.txt	spurious_correlation_results/human_annotation/full_code/test8/reference_completion.txt	spurious_correlation_results/human_annotation/full_code/test8/prompt.txt			
test8_t1930_s06	3	6	8	test8	1930	\tresult	result	return	6	6	alti_saliency	1883	((	0.009391	 function  you  are  asked  to  complete  func  expand [SOURCE:((] s  string ,  env  * ast .Map Type	">  are  returned <|im_end|> \n <|im_start|> assistant \n [TARGET:\tresult] ,  _  :=  tmpl .New (""""). Apply (s"	"\n\tresult, _ := tmpl.New("""").Apply(s, env)\n\treturn result"	\n\treturn os.Expand(s, func(key string) string {\n\t\treturn env[key]\n\t})	spurious_correlation_results/human_annotation/full_code/test8/generated.go	spurious_correlation_results/human_annotation/full_code/test8/reference.go	spurious_correlation_results/human_annotation/full_code/test8/generated_completion.txt	spurious_correlation_results/human_annotation/full_code/test8/reference_completion.txt	spurious_correlation_results/human_annotation/full_code/test8/prompt.txt			
test8_t1930_s07	3	7	8	test8	1930	\tresult	result	return	7	7	alti_saliency	1364	and	0.00847	KeyValue ,  err  :=  templ ater .Apply (exp [SOURCE:and] (key Value ,  env ))\n \t \tif  err	">  are  returned <|im_end|> \n <|im_start|> assistant \n [TARGET:\tresult] ,  _  :=  tmpl .New (""""). Apply (s"	"\n\tresult, _ := tmpl.New("""").Apply(s, env)\n\treturn result"	\n\treturn os.Expand(s, func(key string) string {\n\t\treturn env[key]\n\t})	spurious_correlation_results/human_annotation/full_code/test8/generated.go	spurious_correlation_results/human_annotation/full_code/test8/reference.go	spurious_correlation_results/human_annotation/full_code/test8/generated_completion.txt	spurious_correlation_results/human_annotation/full_code/test8/reference_completion.txt	spurious_correlation_results/human_annotation/full_code/test8/prompt.txt			
test8_t1930_s08	3	8	8	test8	1930	\tresult	result	return	8	8	alti_saliency	70	aser	0.008293	 package  path : github .com /g ore le [SOURCE:aser] /g ore le aser /internal / pipe /s	">  are  returned <|im_end|> \n <|im_start|> assistant \n [TARGET:\tresult] ,  _  :=  tmpl .New (""""). Apply (s"	"\n\tresult, _ := tmpl.New("""").Apply(s, env)\n\treturn result"	\n\treturn os.Expand(s, func(key string) string {\n\t\treturn env[key]\n\t})	spurious_correlation_results/human_annotation/full_code/test8/generated.go	spurious_correlation_results/human_annotation/full_code/test8/reference.go	spurious_correlation_results/human_annotation/full_code/test8/generated_completion.txt	spurious_correlation_results/human_annotation/full_code/test8/reference_completion.txt	spurious_correlation_results/human_annotation/full_code/test8/prompt.txt			
test8_t1930_s09	3	9	8	test8	1930	\tresult	result	return	9	9	alti_saliency	1871	 And	0.007864	"=% s "",  key ,  value ))\n } [SOURCE: And]  here  is  the  function  you  are  asked  to"	">  are  returned <|im_end|> \n <|im_start|> assistant \n [TARGET:\tresult] ,  _  :=  tmpl .New (""""). Apply (s"	"\n\tresult, _ := tmpl.New("""").Apply(s, env)\n\treturn result"	\n\treturn os.Expand(s, func(key string) string {\n\t\treturn env[key]\n\t})	spurious_correlation_results/human_annotation/full_code/test8/generated.go	spurious_correlation_results/human_annotation/full_code/test8/reference.go	spurious_correlation_results/human_annotation/full_code/test8/generated_completion.txt	spurious_correlation_results/human_annotation/full_code/test8/reference_completion.txt	spurious_correlation_results/human_annotation/full_code/test8/prompt.txt			
test8_t1930_s10	3	10	8	test8	1930	\tresult	result	return	10	10	alti_saliency	1885	 string	0.006176	 are  asked  to  complete  func  expand (( s [SOURCE: string] ,  env  * ast .Map Type ))  string	">  are  returned <|im_end|> \n <|im_start|> assistant \n [TARGET:\tresult] ,  _  :=  tmpl .New (""""). Apply (s"	"\n\tresult, _ := tmpl.New("""").Apply(s, env)\n\treturn result"	\n\treturn os.Expand(s, func(key string) string {\n\t\treturn env[key]\n\t})	spurious_correlation_results/human_annotation/full_code/test8/generated.go	spurious_correlation_results/human_annotation/full_code/test8/reference.go	spurious_correlation_results/human_annotation/full_code/test8/generated_completion.txt	spurious_correlation_results/human_annotation/full_code/test8/reference_completion.txt	spurious_correlation_results/human_annotation/full_code/test8/prompt.txt			
test16_t595_s01	4	1	16	test16	595	.Load	LoadRestrictionsRootOnly	LoadRestrictionsNone	1	1	alti_saliency	78	ustom	0.020042	/vendor /s igs .k 8 s .io /k [SOURCE:ustom] ize /k ustom ize /v 5 / commands	 returned <|im_end|> \n <|im_start|> assistant \n \tcase  types [TARGET:.Load] Restr ictions Root Only .String ():\n \t \treturn	\n\tcase types.LoadRestrictionsRootOnly.String():\n\t\treturn types.LoadRestrictionsRootOnly\n\tcase types.LoadRestrictionsNone.String():\n\t\treturn types.LoadRestrictions	"\n\tcase types.LoadRestrictionsNone.String(), ""none"":\n\t\treturn types.LoadRestrictionsNone\n\tdefault:\n\t\treturn types.LoadRestrictionsRootOnly"	spurious_correlation_results/human_annotation/full_code/test16/generated.go	spurious_correlation_results/human_annotation/full_code/test16/reference.go	spurious_correlation_results/human_annotation/full_code/test16/generated_completion.txt	spurious_correlation_results/human_annotation/full_code/test16/reference_completion.txt	spurious_correlation_results/human_annotation/full_code/test16/prompt.txt			
test16_t595_s02	4	2	16	test16	595	.Load	LoadRestrictionsRootOnly	LoadRestrictionsNone	2	2	alti_saliency	593	\tcase	0.017364	>  are  returned <|im_end|> \n <|im_start|> assistant \n [SOURCE:\tcase]  types .Load Restr ictions Root Only .String ():\n	 returned <|im_end|> \n <|im_start|> assistant \n \tcase  types [TARGET:.Load] Restr ictions Root Only .String ():\n \t \treturn	\n\tcase types.LoadRestrictionsRootOnly.String():\n\t\treturn types.LoadRestrictionsRootOnly\n\tcase types.LoadRestrictionsNone.String():\n\t\treturn types.LoadRestrictions	"\n\tcase types.LoadRestrictionsNone.String(), ""none"":\n\t\treturn types.LoadRestrictionsNone\n\tdefault:\n\t\treturn types.LoadRestrictionsRootOnly"	spurious_correlation_results/human_annotation/full_code/test16/generated.go	spurious_correlation_results/human_annotation/full_code/test16/reference.go	spurious_correlation_results/human_annotation/full_code/test16/generated_completion.txt	spurious_correlation_results/human_annotation/full_code/test16/reference_completion.txt	spurious_correlation_results/human_annotation/full_code/test16/prompt.txt			
test16_t595_s03	4	3	16	test16	595	.Load	LoadRestrictionsRootOnly	LoadRestrictionsNone	3	3	alti_saliency	427	\tswitch	0.012069	Flag Load Restr ict or ()  error  {\n [SOURCE:\tswitch]  the Flags .load Restr ict or  {\n \tcase	 returned <|im_end|> \n <|im_start|> assistant \n \tcase  types [TARGET:.Load] Restr ictions Root Only .String ():\n \t \treturn	\n\tcase types.LoadRestrictionsRootOnly.String():\n\t\treturn types.LoadRestrictionsRootOnly\n\tcase types.LoadRestrictionsNone.String():\n\t\treturn types.LoadRestrictions	"\n\tcase types.LoadRestrictionsNone.String(), ""none"":\n\t\treturn types.LoadRestrictionsNone\n\tdefault:\n\t\treturn types.LoadRestrictionsRootOnly"	spurious_correlation_results/human_annotation/full_code/test16/generated.go	spurious_correlation_results/human_annotation/full_code/test16/reference.go	spurious_correlation_results/human_annotation/full_code/test16/generated_completion.txt	spurious_correlation_results/human_annotation/full_code/test16/reference_completion.txt	spurious_correlation_results/human_annotation/full_code/test16/prompt.txt			
test16_t595_s04	4	4	16	test16	595	.Load	LoadRestrictionsRootOnly	LoadRestrictionsNone	4	4	alti_saliency	204	.StringVar	0.011444	 * p flag .Flag Set )  {\n \tset [SOURCE:.StringVar] (\n \t \t & the Flags .load Restr	 returned <|im_end|> \n <|im_start|> assistant \n \tcase  types [TARGET:.Load] Restr ictions Root Only .String ():\n \t \treturn	\n\tcase types.LoadRestrictionsRootOnly.String():\n\t\treturn types.LoadRestrictionsRootOnly\n\tcase types.LoadRestrictionsNone.String():\n\t\treturn types.LoadRestrictions	"\n\tcase types.LoadRestrictionsNone.String(), ""none"":\n\t\treturn types.LoadRestrictionsNone\n\tdefault:\n\t\treturn types.LoadRestrictionsRootOnly"	spurious_correlation_results/human_annotation/full_code/test16/generated.go	spurious_correlation_results/human_annotation/full_code/test16/reference.go	spurious_correlation_results/human_annotation/full_code/test16/generated_completion.txt	spurious_correlation_results/human_annotation/full_code/test16/reference_completion.txt	spurious_correlation_results/human_annotation/full_code/test16/prompt.txt			
test16_t595_s05	4	5	16	test16	595	.Load	LoadRestrictionsRootOnly	LoadRestrictionsNone	5	5	alti_saliency	179	Restr	0.01113	 not  exist  of  the  function  is  types .Load [SOURCE:Restr] ictions  The  code  snippets  before  the  function  is	 returned <|im_end|> \n <|im_start|> assistant \n \tcase  types [TARGET:.Load] Restr ictions Root Only .String ():\n \t \treturn	\n\tcase types.LoadRestrictionsRootOnly.String():\n\t\treturn types.LoadRestrictionsRootOnly\n\tcase types.LoadRestrictionsNone.String():\n\t\treturn types.LoadRestrictions	"\n\tcase types.LoadRestrictionsNone.String(), ""none"":\n\t\treturn types.LoadRestrictionsNone\n\tdefault:\n\t\treturn types.LoadRestrictionsRootOnly"	spurious_correlation_results/human_annotation/full_code/test16/generated.go	spurious_correlation_results/human_annotation/full_code/test16/reference.go	spurious_correlation_results/human_annotation/full_code/test16/generated_completion.txt	spurious_correlation_results/human_annotation/full_code/test16/reference_completion.txt	spurious_correlation_results/human_annotation/full_code/test16/prompt.txt			
test16_t595_s06	4	6	16	test16	595	.Load	LoadRestrictionsRootOnly	LoadRestrictionsNone	6	6	alti_saliency	435	\tcase	0.010721	\tswitch  the Flags .load Restr ict or  {\n [SOURCE:\tcase]  types .Load Restr ictions Root Only .String (),\n	 returned <|im_end|> \n <|im_start|> assistant \n \tcase  types [TARGET:.Load] Restr ictions Root Only .String ():\n \t \treturn	\n\tcase types.LoadRestrictionsRootOnly.String():\n\t\treturn types.LoadRestrictionsRootOnly\n\tcase types.LoadRestrictionsNone.String():\n\t\treturn types.LoadRestrictions	"\n\tcase types.LoadRestrictionsNone.String(), ""none"":\n\t\treturn types.LoadRestrictionsNone\n\tdefault:\n\t\treturn types.LoadRestrictionsRootOnly"	spurious_correlation_results/human_annotation/full_code/test16/generated.go	spurious_correlation_results/human_annotation/full_code/test16/reference.go	spurious_correlation_results/human_annotation/full_code/test16/generated_completion.txt	spurious_correlation_results/human_annotation/full_code/test16/reference_completion.txt	spurious_correlation_results/human_annotation/full_code/test16/prompt.txt			
test16_t595_s07	4	7	16	test16	595	.Load	LoadRestrictionsRootOnly	LoadRestrictionsNone	7	7	alti_saliency	239	" '""+"	0.010603	".String (),\n \t \t "" if  set  to [SOURCE: '""+] types .Load Restr ictions None .String () +\n"	 returned <|im_end|> \n <|im_start|> assistant \n \tcase  types [TARGET:.Load] Restr ictions Root Only .String ():\n \t \treturn	\n\tcase types.LoadRestrictionsRootOnly.String():\n\t\treturn types.LoadRestrictionsRootOnly\n\tcase types.LoadRestrictionsNone.String():\n\t\treturn types.LoadRestrictions	"\n\tcase types.LoadRestrictionsNone.String(), ""none"":\n\t\treturn types.LoadRestrictionsNone\n\tdefault:\n\t\treturn types.LoadRestrictionsRootOnly"	spurious_correlation_results/human_annotation/full_code/test16/generated.go	spurious_correlation_results/human_annotation/full_code/test16/reference.go	spurious_correlation_results/human_annotation/full_code/test16/generated_completion.txt	spurious_correlation_results/human_annotation/full_code/test16/reference_completion.txt	spurious_correlation_results/human_annotation/full_code/test16/prompt.txt			
test16_t595_s08	4	8	16	test16	595	.Load	LoadRestrictionsRootOnly	LoadRestrictionsNone	8	8	alti_saliency	417	func	0.010309	 err )\n \t }\n\n \treturn  nil \n }\n\n [SOURCE:func]  validate Flag Load Restr ict or ()  error	 returned <|im_end|> \n <|im_start|> assistant \n \tcase  types [TARGET:.Load] Restr ictions Root Only .String ():\n \t \treturn	\n\tcase types.LoadRestrictionsRootOnly.String():\n\t\treturn types.LoadRestrictionsRootOnly\n\tcase types.LoadRestrictionsNone.String():\n\t\treturn types.LoadRestrictions	"\n\tcase types.LoadRestrictionsNone.String(), ""none"":\n\t\treturn types.LoadRestrictionsNone\n\tdefault:\n\t\treturn types.LoadRestrictionsRootOnly"	spurious_correlation_results/human_annotation/full_code/test16/generated.go	spurious_correlation_results/human_annotation/full_code/test16/reference.go	spurious_correlation_results/human_annotation/full_code/test16/generated_completion.txt	spurious_correlation_results/human_annotation/full_code/test16/reference_completion.txt	spurious_correlation_results/human_annotation/full_code/test16/prompt.txt			
test16_t595_s09	4	9	16	test16	595	.Load	LoadRestrictionsRootOnly	LoadRestrictionsNone	9	9	alti_saliency	178	.Load	0.009985	 or  not  exist  of  the  function  is  types [SOURCE:.Load] Restr ictions  The  code  snippets  before  the  function	 returned <|im_end|> \n <|im_start|> assistant \n \tcase  types [TARGET:.Load] Restr ictions Root Only .String ():\n \t \treturn	\n\tcase types.LoadRestrictionsRootOnly.String():\n\t\treturn types.LoadRestrictionsRootOnly\n\tcase types.LoadRestrictionsNone.String():\n\t\treturn types.LoadRestrictions	"\n\tcase types.LoadRestrictionsNone.String(), ""none"":\n\t\treturn types.LoadRestrictionsNone\n\tdefault:\n\t\treturn types.LoadRestrictionsRootOnly"	spurious_correlation_results/human_annotation/full_code/test16/generated.go	spurious_correlation_results/human_annotation/full_code/test16/reference.go	spurious_correlation_results/human_annotation/full_code/test16/generated_completion.txt	spurious_correlation_results/human_annotation/full_code/test16/reference_completion.txt	spurious_correlation_results/human_annotation/full_code/test16/prompt.txt			
test16_t595_s10	4	10	16	test16	595	.Load	LoadRestrictionsRootOnly	LoadRestrictionsNone	10	10	alti_saliency	191	Load	0.00904	 snippets  before  the  function  is  func  Add Flag [SOURCE:Load] Restr ict or (set  * p flag .Flag	 returned <|im_end|> \n <|im_start|> assistant \n \tcase  types [TARGET:.Load] Restr ictions Root Only .String ():\n \t \treturn	\n\tcase types.LoadRestrictionsRootOnly.String():\n\t\treturn types.LoadRestrictionsRootOnly\n\tcase types.LoadRestrictionsNone.String():\n\t\treturn types.LoadRestrictions	"\n\tcase types.LoadRestrictionsNone.String(), ""none"":\n\t\treturn types.LoadRestrictionsNone\n\tdefault:\n\t\treturn types.LoadRestrictionsRootOnly"	spurious_correlation_results/human_annotation/full_code/test16/generated.go	spurious_correlation_results/human_annotation/full_code/test16/reference.go	spurious_correlation_results/human_annotation/full_code/test16/generated_completion.txt	spurious_correlation_results/human_annotation/full_code/test16/reference_completion.txt	spurious_correlation_results/human_annotation/full_code/test16/prompt.txt			
test18_t1992_s01	5	1	18	test18	1992	\tif	if	o	1	1	alti_saliency	779	):\n	0.009712	"\tcase  strings .HasPrefix (condition ,  "" condition ="" [SOURCE:):\n] \t \t condition Name  :=  strings .Trim Prefix"	 are  returned <|im_end|> \n <|im_start|> assistant \n \t\t [TARGET:\tif]  o .Print er  !=  nil  {\n \t\t\t \to	\n\t\t\tif o.Printer != nil {\n\t\t\t\to.Printer.PrintObj(finalObject, o.Out)\n\t\t\t}\n\t\t\treturn nil	\n\t\t\to.Printer.PrintObj(finalObject, o.Out)\n\t\t\treturn nil	spurious_correlation_results/human_annotation/full_code/test18/generated.go	spurious_correlation_results/human_annotation/full_code/test18/reference.go	spurious_correlation_results/human_annotation/full_code/test18/generated_completion.txt	spurious_correlation_results/human_annotation/full_code/test18/reference_completion.txt	spurious_correlation_results/human_annotation/full_code/test18/prompt.txt			
test18_t1992_s02	5	2	18	test18	1992	\tif	if	o	2	2	alti_saliency	1821	\tfinal	0.00952	\t }\n\n \t \t visit Count ++\n \t [SOURCE:\tfinal] Object ,  success ,  err  :=  o .Condition	 are  returned <|im_end|> \n <|im_start|> assistant \n \t\t [TARGET:\tif]  o .Print er  !=  nil  {\n \t\t\t \to	\n\t\t\tif o.Printer != nil {\n\t\t\t\to.Printer.PrintObj(finalObject, o.Out)\n\t\t\t}\n\t\t\treturn nil	\n\t\t\to.Printer.PrintObj(finalObject, o.Out)\n\t\t\treturn nil	spurious_correlation_results/human_annotation/full_code/test18/generated.go	spurious_correlation_results/human_annotation/full_code/test18/reference.go	spurious_correlation_results/human_annotation/full_code/test18/generated_completion.txt	spurious_correlation_results/human_annotation/full_code/test18/reference_completion.txt	spurious_correlation_results/human_annotation/full_code/test18/prompt.txt			
test18_t1992_s03	5	3	18	test18	1992	\tif	if	o	3	3	alti_saliency	897	):\n	0.009348	" strings .HasPrefix (condition ,  "" json path ="" [SOURCE:):\n] \t \tjson Path Input  :=  strings .Trim Prefix"	 are  returned <|im_end|> \n <|im_start|> assistant \n \t\t [TARGET:\tif]  o .Print er  !=  nil  {\n \t\t\t \to	\n\t\t\tif o.Printer != nil {\n\t\t\t\to.Printer.PrintObj(finalObject, o.Out)\n\t\t\t}\n\t\t\treturn nil	\n\t\t\to.Printer.PrintObj(finalObject, o.Out)\n\t\t\treturn nil	spurious_correlation_results/human_annotation/full_code/test18/generated.go	spurious_correlation_results/human_annotation/full_code/test18/reference.go	spurious_correlation_results/human_annotation/full_code/test18/generated_completion.txt	spurious_correlation_results/human_annotation/full_code/test18/reference_completion.txt	spurious_correlation_results/human_annotation/full_code/test18/prompt.txt			
test18_t1992_s04	5	4	18	test18	1992	\tif	if	o	4	4	alti_saliency	6	wen	0.00924	<|im_start|> system \n You  are  Q [SOURCE:wen] ,  created  by  Alibaba  Cloud .  You  are	 are  returned <|im_end|> \n <|im_start|> assistant \n \t\t [TARGET:\tif]  o .Print er  !=  nil  {\n \t\t\t \to	\n\t\t\tif o.Printer != nil {\n\t\t\t\to.Printer.PrintObj(finalObject, o.Out)\n\t\t\t}\n\t\t\treturn nil	\n\t\t\to.Printer.PrintObj(finalObject, o.Out)\n\t\t\treturn nil	spurious_correlation_results/human_annotation/full_code/test18/generated.go	spurious_correlation_results/human_annotation/full_code/test18/reference.go	spurious_correlation_results/human_annotation/full_code/test18/generated_completion.txt	spurious_correlation_results/human_annotation/full_code/test18/reference_completion.txt	spurious_correlation_results/human_annotation/full_code/test18/prompt.txt			
test18_t1992_s05	5	5	18	test18	1992	\tif	if	o	5	5	alti_saliency	78	ubectl	0.008671	/st aging /src /k 8 s .io /k [SOURCE:ubectl] /pkg /cmd /wait  Below  is  the  code  repository	 are  returned <|im_end|> \n <|im_start|> assistant \n \t\t [TARGET:\tif]  o .Print er  !=  nil  {\n \t\t\t \to	\n\t\t\tif o.Printer != nil {\n\t\t\t\to.Printer.PrintObj(finalObject, o.Out)\n\t\t\t}\n\t\t\treturn nil	\n\t\t\to.Printer.PrintObj(finalObject, o.Out)\n\t\t\treturn nil	spurious_correlation_results/human_annotation/full_code/test18/generated.go	spurious_correlation_results/human_annotation/full_code/test18/reference.go	spurious_correlation_results/human_annotation/full_code/test18/generated_completion.txt	spurious_correlation_results/human_annotation/full_code/test18/reference_completion.txt	spurious_correlation_results/human_annotation/full_code/test18/prompt.txt			
test18_t1992_s06	5	6	18	test18	1992	\tif	if	o	6	6	alti_saliency	1468	func	0.007913	Wait Options )  Run Wait ()  error \n [SOURCE:func]  ( o  * Wait Options )  Run Wait	 are  returned <|im_end|> \n <|im_start|> assistant \n \t\t [TARGET:\tif]  o .Print er  !=  nil  {\n \t\t\t \to	\n\t\t\tif o.Printer != nil {\n\t\t\t\to.Printer.PrintObj(finalObject, o.Out)\n\t\t\t}\n\t\t\treturn nil	\n\t\t\to.Printer.PrintObj(finalObject, o.Out)\n\t\t\treturn nil	spurious_correlation_results/human_annotation/full_code/test18/generated.go	spurious_correlation_results/human_annotation/full_code/test18/reference.go	spurious_correlation_results/human_annotation/full_code/test18/generated_completion.txt	spurious_correlation_results/human_annotation/full_code/test18/reference_completion.txt	spurious_correlation_results/human_annotation/full_code/test18/prompt.txt			
test18_t1992_s07	5	7	18	test18	1992	\tif	if	o	7	7	alti_saliency	3	You	0.007665	<|im_start|> system \n [SOURCE:You]  are  Q wen ,  created  by  Alibaba  Cloud	 are  returned <|im_end|> \n <|im_start|> assistant \n \t\t [TARGET:\tif]  o .Print er  !=  nil  {\n \t\t\t \to	\n\t\t\tif o.Printer != nil {\n\t\t\t\to.Printer.PrintObj(finalObject, o.Out)\n\t\t\t}\n\t\t\treturn nil	\n\t\t\to.Printer.PrintObj(finalObject, o.Out)\n\t\t\treturn nil	spurious_correlation_results/human_annotation/full_code/test18/generated.go	spurious_correlation_results/human_annotation/full_code/test18/reference.go	spurious_correlation_results/human_annotation/full_code/test18/generated_completion.txt	spurious_correlation_results/human_annotation/full_code/test18/reference_completion.txt	spurious_correlation_results/human_annotation/full_code/test18/prompt.txt			
test18_t1992_s08	5	8	18	test18	1992	\tif	if	o	8	8	alti_saliency	1456	 func	0.006163	 is  the  function  you  are  asked  to  complete [SOURCE: func]  ( o  * Wait Options )  Run Wait	 are  returned <|im_end|> \n <|im_start|> assistant \n \t\t [TARGET:\tif]  o .Print er  !=  nil  {\n \t\t\t \to	\n\t\t\tif o.Printer != nil {\n\t\t\t\to.Printer.PrintObj(finalObject, o.Out)\n\t\t\t}\n\t\t\treturn nil	\n\t\t\to.Printer.PrintObj(finalObject, o.Out)\n\t\t\treturn nil	spurious_correlation_results/human_annotation/full_code/test18/generated.go	spurious_correlation_results/human_annotation/full_code/test18/reference.go	spurious_correlation_results/human_annotation/full_code/test18/generated_completion.txt	spurious_correlation_results/human_annotation/full_code/test18/reference_completion.txt	spurious_correlation_results/human_annotation/full_code/test18/prompt.txt			
test18_t1992_s09	5	9	18	test18	1992	\tif	if	o	9	9	alti_saliency	1827	 :=	0.005982	++\n \t \tfinal Object ,  success ,  err [SOURCE: :=]  o .Condition Fn (ctx ,  info ,  o	 are  returned <|im_end|> \n <|im_start|> assistant \n \t\t [TARGET:\tif]  o .Print er  !=  nil  {\n \t\t\t \to	\n\t\t\tif o.Printer != nil {\n\t\t\t\to.Printer.PrintObj(finalObject, o.Out)\n\t\t\t}\n\t\t\treturn nil	\n\t\t\to.Printer.PrintObj(finalObject, o.Out)\n\t\t\treturn nil	spurious_correlation_results/human_annotation/full_code/test18/generated.go	spurious_correlation_results/human_annotation/full_code/test18/reference.go	spurious_correlation_results/human_annotation/full_code/test18/generated_completion.txt	spurious_correlation_results/human_annotation/full_code/test18/reference_completion.txt	spurious_correlation_results/human_annotation/full_code/test18/prompt.txt			
test18_t1992_s10	5	10	18	test18	1992	\tif	if	o	10	10	alti_saliency	1824	 success	0.005828	\t visit Count ++\n \t \tfinal Object , [SOURCE: success] ,  err  :=  o .Condition Fn (ctx ,	 are  returned <|im_end|> \n <|im_start|> assistant \n \t\t [TARGET:\tif]  o .Print er  !=  nil  {\n \t\t\t \to	\n\t\t\tif o.Printer != nil {\n\t\t\t\to.Printer.PrintObj(finalObject, o.Out)\n\t\t\t}\n\t\t\treturn nil	\n\t\t\to.Printer.PrintObj(finalObject, o.Out)\n\t\t\treturn nil	spurious_correlation_results/human_annotation/full_code/test18/generated.go	spurious_correlation_results/human_annotation/full_code/test18/reference.go	spurious_correlation_results/human_annotation/full_code/test18/generated_completion.txt	spurious_correlation_results/human_annotation/full_code/test18/reference_completion.txt	spurious_correlation_results/human_annotation/full_code/test18/prompt.txt			
test21_t406_s01	6	1	21	test21	406	"("""	"""uint available for flag name %[1]q (cmd=%[2]q)"""	"""uint available for flag name %[1]q with value=%[2]v (cmd=%[3]q)"""	1	1	alti_saliency	354	\ttrace	0.055642	" {  < M ID >   \t }\n\n [SOURCE:\ttrace] f ("" uint  NOT  available  for  flag  name"	"<|im_end|> \n <|im_start|> assistant \n \t \ttrace f [TARGET:(""] uint  available  for  flag  name  %[ 1 ]"	"\n\t\ttracef(""uint available for flag name %[1]q (cmd=%[2]q)"", name, cmd.Name)\n\t\treturn v"	"\n\t\ttracef(""uint available for flag name %[1]q with value=%[2]v (cmd=%[3]q)"", name, v, cmd.Name)\n\n\t\treturn v"	spurious_correlation_results/human_annotation/full_code/test21/generated.go	spurious_correlation_results/human_annotation/full_code/test21/reference.go	spurious_correlation_results/human_annotation/full_code/test21/generated_completion.txt	spurious_correlation_results/human_annotation/full_code/test21/reference_completion.txt	spurious_correlation_results/human_annotation/full_code/test21/prompt.txt			
test21_t406_s02	6	2	21	test21	406	"("""	"""uint available for flag name %[1]q (cmd=%[2]q)"""	"""uint available for flag name %[1]q with value=%[2]v (cmd=%[3]q)"""	2	2	alti_saliency	404	\ttrace	0.049206	" are  returned <|im_end|> \n <|im_start|> assistant \n \t [SOURCE:\ttrace] f ("" uint  available  for  flag  name  %["	"<|im_end|> \n <|im_start|> assistant \n \t \ttrace f [TARGET:(""] uint  available  for  flag  name  %[ 1 ]"	"\n\t\ttracef(""uint available for flag name %[1]q (cmd=%[2]q)"", name, cmd.Name)\n\t\treturn v"	"\n\t\ttracef(""uint available for flag name %[1]q with value=%[2]v (cmd=%[3]q)"", name, v, cmd.Name)\n\n\t\treturn v"	spurious_correlation_results/human_annotation/full_code/test21/generated.go	spurious_correlation_results/human_annotation/full_code/test21/reference.go	spurious_correlation_results/human_annotation/full_code/test21/generated_completion.txt	spurious_correlation_results/human_annotation/full_code/test21/reference_completion.txt	spurious_correlation_results/human_annotation/full_code/test21/prompt.txt			
test21_t406_s03	6	3	21	test21	406	"("""	"""uint available for flag name %[1]q (cmd=%[2]q)"""	"""uint available for flag name %[1]q with value=%[2]v (cmd=%[3]q)"""	3	3	alti_saliency	363	 %[	0.028805	"f ("" uint  NOT  available  for  flag  name [SOURCE: %[] 1 ] q  ( cmd =% [ 2"	"<|im_end|> \n <|im_start|> assistant \n \t \ttrace f [TARGET:(""] uint  available  for  flag  name  %[ 1 ]"	"\n\t\ttracef(""uint available for flag name %[1]q (cmd=%[2]q)"", name, cmd.Name)\n\t\treturn v"	"\n\t\ttracef(""uint available for flag name %[1]q with value=%[2]v (cmd=%[3]q)"", name, v, cmd.Name)\n\n\t\treturn v"	spurious_correlation_results/human_annotation/full_code/test21/generated.go	spurious_correlation_results/human_annotation/full_code/test21/reference.go	spurious_correlation_results/human_annotation/full_code/test21/generated_completion.txt	spurious_correlation_results/human_annotation/full_code/test21/reference_completion.txt	spurious_correlation_results/human_annotation/full_code/test21/prompt.txt			
test21_t406_s04	6	4	21	test21	406	"("""	"""uint available for flag name %[1]q (cmd=%[2]q)"""	"""uint available for flag name %[1]q with value=%[2]v (cmd=%[3]q)"""	4	4	alti_saliency	355	f	0.025262	" < M ID >   \t }\n\n \ttrace [SOURCE:f] ("" uint  NOT  available  for  flag  name  %["	"<|im_end|> \n <|im_start|> assistant \n \t \ttrace f [TARGET:(""] uint  available  for  flag  name  %[ 1 ]"	"\n\t\ttracef(""uint available for flag name %[1]q (cmd=%[2]q)"", name, cmd.Name)\n\t\treturn v"	"\n\t\ttracef(""uint available for flag name %[1]q with value=%[2]v (cmd=%[3]q)"", name, v, cmd.Name)\n\n\t\treturn v"	spurious_correlation_results/human_annotation/full_code/test21/generated.go	spurious_correlation_results/human_annotation/full_code/test21/reference.go	spurious_correlation_results/human_annotation/full_code/test21/generated_completion.txt	spurious_correlation_results/human_annotation/full_code/test21/reference_completion.txt	spurious_correlation_results/human_annotation/full_code/test21/prompt.txt			
test21_t406_s05	6	5	21	test21	406	"("""	"""uint available for flag name %[1]q (cmd=%[2]q)"""	"""uint available for flag name %[1]q with value=%[2]v (cmd=%[3]q)"""	5	5	alti_saliency	405	f	0.023372	" returned <|im_end|> \n <|im_start|> assistant \n \t \ttrace [SOURCE:f] ("" uint  available  for  flag  name  %[ 1"	"<|im_end|> \n <|im_start|> assistant \n \t \ttrace f [TARGET:(""] uint  available  for  flag  name  %[ 1 ]"	"\n\t\ttracef(""uint available for flag name %[1]q (cmd=%[2]q)"", name, cmd.Name)\n\t\treturn v"	"\n\t\ttracef(""uint available for flag name %[1]q with value=%[2]v (cmd=%[3]q)"", name, v, cmd.Name)\n\n\t\treturn v"	spurious_correlation_results/human_annotation/full_code/test21/generated.go	spurious_correlation_results/human_annotation/full_code/test21/reference.go	spurious_correlation_results/human_annotation/full_code/test21/generated_completion.txt	spurious_correlation_results/human_annotation/full_code/test21/reference_completion.txt	spurious_correlation_results/human_annotation/full_code/test21/prompt.txt			
test21_t406_s06	6	6	21	test21	406	"("""	"""uint available for flag name %[1]q (cmd=%[2]q)"""	"""uint available for flag name %[1]q with value=%[2]v (cmd=%[3]q)"""	6	6	alti_saliency	70	/cli	0.017007	 package  path : github .com / urf ave [SOURCE:/cli]  Below  is  the  code  repository :  github .com	"<|im_end|> \n <|im_start|> assistant \n \t \ttrace f [TARGET:(""] uint  available  for  flag  name  %[ 1 ]"	"\n\t\ttracef(""uint available for flag name %[1]q (cmd=%[2]q)"", name, cmd.Name)\n\t\treturn v"	"\n\t\ttracef(""uint available for flag name %[1]q with value=%[2]v (cmd=%[3]q)"", name, v, cmd.Name)\n\n\t\treturn v"	spurious_correlation_results/human_annotation/full_code/test21/generated.go	spurious_correlation_results/human_annotation/full_code/test21/reference.go	spurious_correlation_results/human_annotation/full_code/test21/generated_completion.txt	spurious_correlation_results/human_annotation/full_code/test21/reference_completion.txt	spurious_correlation_results/human_annotation/full_code/test21/prompt.txt			
test21_t406_s07	6	7	21	test21	406	"("""	"""uint available for flag name %[1]q (cmd=%[2]q)"""	"""uint available for flag name %[1]q with value=%[2]v (cmd=%[3]q)"""	7	7	alti_saliency	91	strconv	0.013462	"/  Below  is  the  imported  package  path  "" [SOURCE:strconv] "";  "" unsafe ""  The  receiver  struct  definitions"	"<|im_end|> \n <|im_start|> assistant \n \t \ttrace f [TARGET:(""] uint  available  for  flag  name  %[ 1 ]"	"\n\t\ttracef(""uint available for flag name %[1]q (cmd=%[2]q)"", name, cmd.Name)\n\t\treturn v"	"\n\t\ttracef(""uint available for flag name %[1]q with value=%[2]v (cmd=%[3]q)"", name, v, cmd.Name)\n\n\t\treturn v"	spurious_correlation_results/human_annotation/full_code/test21/generated.go	spurious_correlation_results/human_annotation/full_code/test21/reference.go	spurious_correlation_results/human_annotation/full_code/test21/generated_completion.txt	spurious_correlation_results/human_annotation/full_code/test21/reference_completion.txt	spurious_correlation_results/human_annotation/full_code/test21/prompt.txt			
test21_t406_s08	6	8	21	test21	406	"("""	"""uint available for flag name %[1]q (cmd=%[2]q)"""	"""uint available for flag name %[1]q with value=%[2]v (cmd=%[3]q)"""	8	8	alti_saliency	151	 Uint	0.012717	 function  is  func  ( cmd  * Command ) [SOURCE: Uint] (name  string )  uint  {\n \treturn  get Uint	"<|im_end|> \n <|im_start|> assistant \n \t \ttrace f [TARGET:(""] uint  available  for  flag  name  %[ 1 ]"	"\n\t\ttracef(""uint available for flag name %[1]q (cmd=%[2]q)"", name, cmd.Name)\n\t\treturn v"	"\n\t\ttracef(""uint available for flag name %[1]q with value=%[2]v (cmd=%[3]q)"", name, v, cmd.Name)\n\n\t\treturn v"	spurious_correlation_results/human_annotation/full_code/test21/generated.go	spurious_correlation_results/human_annotation/full_code/test21/reference.go	spurious_correlation_results/human_annotation/full_code/test21/generated_completion.txt	spurious_correlation_results/human_annotation/full_code/test21/reference_completion.txt	spurious_correlation_results/human_annotation/full_code/test21/prompt.txt			
test21_t406_s09	6	9	21	test21	406	"("""	"""uint available for flag name %[1]q (cmd=%[2]q)"""	"""uint available for flag name %[1]q with value=%[2]v (cmd=%[3]q)"""	9	9	alti_saliency	304	func	0.012637	 * Command ,  name  string ))  T \n [SOURCE:func]  get Uint [T  uint  |  uint 8  |	"<|im_end|> \n <|im_start|> assistant \n \t \ttrace f [TARGET:(""] uint  available  for  flag  name  %[ 1 ]"	"\n\t\ttracef(""uint available for flag name %[1]q (cmd=%[2]q)"", name, cmd.Name)\n\t\treturn v"	"\n\t\ttracef(""uint available for flag name %[1]q with value=%[2]v (cmd=%[3]q)"", name, v, cmd.Name)\n\n\t\treturn v"	spurious_correlation_results/human_annotation/full_code/test21/generated.go	spurious_correlation_results/human_annotation/full_code/test21/reference.go	spurious_correlation_results/human_annotation/full_code/test21/generated_completion.txt	spurious_correlation_results/human_annotation/full_code/test21/reference_completion.txt	spurious_correlation_results/human_annotation/full_code/test21/prompt.txt			
test21_t406_s10	6	10	21	test21	406	"("""	"""uint available for flag name %[1]q (cmd=%[2]q)"""	"""uint available for flag name %[1]q with value=%[2]v (cmd=%[3]q)"""	10	10	alti_saliency	94	unsafe	0.011933	" the  imported  package  path  "" strconv "";  "" [SOURCE:unsafe] ""  The  receiver  struct  definitions  of  the  function"	"<|im_end|> \n <|im_start|> assistant \n \t \ttrace f [TARGET:(""] uint  available  for  flag  name  %[ 1 ]"	"\n\t\ttracef(""uint available for flag name %[1]q (cmd=%[2]q)"", name, cmd.Name)\n\t\treturn v"	"\n\t\ttracef(""uint available for flag name %[1]q with value=%[2]v (cmd=%[3]q)"", name, v, cmd.Name)\n\n\t\treturn v"	spurious_correlation_results/human_annotation/full_code/test21/generated.go	spurious_correlation_results/human_annotation/full_code/test21/reference.go	spurious_correlation_results/human_annotation/full_code/test21/generated_completion.txt	spurious_correlation_results/human_annotation/full_code/test21/reference_completion.txt	spurious_correlation_results/human_annotation/full_code/test21/prompt.txt			
test27_t1607_s01	7	1	27	test27	1607	.Is	IsSynced	HasSynced	1	1	alti_saliency	1506	 WaitFor	0.038191	 to  complete  func  ( sched  * Scheduler ) [SOURCE: WaitFor] Handlers Sync (ctx  context .Context )  error \n	\n <|im_start|> assistant \n \t\t \tif  ! handler [TARGET:.Is] Sync ed ()  {\n \t\t\t \treturn  false ,	\n\t\t\tif !handler.IsSynced() {\n\t\t\t\treturn false, nil\n\t\t\t}	\n\t\t\tif !handler.HasSynced() {\n\t\t\t\treturn false, nil\n\t\t\t}	spurious_correlation_results/human_annotation/full_code/test27/generated.go	spurious_correlation_results/human_annotation/full_code/test27/reference.go	spurious_correlation_results/human_annotation/full_code/test27/generated_completion.txt	spurious_correlation_results/human_annotation/full_code/test27/reference_completion.txt	spurious_correlation_results/human_annotation/full_code/test27/prompt.txt			
test27_t1607_s02	7	2	27	test27	1607	.Is	IsSynced	HasSynced	2	2	alti_saliency	1606	handler	0.020318	<|im_end|> \n <|im_start|> assistant \n \t\t \tif  ! [SOURCE:handler] .Is Sync ed ()  {\n \t\t\t \treturn  false	\n <|im_start|> assistant \n \t\t \tif  ! handler [TARGET:.Is] Sync ed ()  {\n \t\t\t \treturn  false ,	\n\t\t\tif !handler.IsSynced() {\n\t\t\t\treturn false, nil\n\t\t\t}	\n\t\t\tif !handler.HasSynced() {\n\t\t\t\treturn false, nil\n\t\t\t}	spurious_correlation_results/human_annotation/full_code/test27/generated.go	spurious_correlation_results/human_annotation/full_code/test27/reference.go	spurious_correlation_results/human_annotation/full_code/test27/generated_completion.txt	spurious_correlation_results/human_annotation/full_code/test27/reference_completion.txt	spurious_correlation_results/human_annotation/full_code/test27/prompt.txt			
test27_t1607_s03	7	3	27	test27	1607	.Is	IsSynced	HasSynced	3	3	alti_saliency	1507	Handlers	0.019852	 complete  func  ( sched  * Scheduler )  WaitFor [SOURCE:Handlers] Sync (ctx  context .Context )  error \n func	\n <|im_start|> assistant \n \t\t \tif  ! handler [TARGET:.Is] Sync ed ()  {\n \t\t\t \treturn  false ,	\n\t\t\tif !handler.IsSynced() {\n\t\t\t\treturn false, nil\n\t\t\t}	\n\t\t\tif !handler.HasSynced() {\n\t\t\t\treturn false, nil\n\t\t\t}	spurious_correlation_results/human_annotation/full_code/test27/generated.go	spurious_correlation_results/human_annotation/full_code/test27/reference.go	spurious_correlation_results/human_annotation/full_code/test27/generated_completion.txt	spurious_correlation_results/human_annotation/full_code/test27/reference_completion.txt	spurious_correlation_results/human_annotation/full_code/test27/prompt.txt			
test27_t1607_s04	7	4	27	test27	1607	.Is	IsSynced	HasSynced	4	4	alti_saliency	1521	 WaitFor	0.01767	 error \n func  ( sched  * Scheduler ) [SOURCE: WaitFor] Handlers Sync (ctx  context .Context )  error  {\n	\n <|im_start|> assistant \n \t\t \tif  ! handler [TARGET:.Is] Sync ed ()  {\n \t\t\t \treturn  false ,	\n\t\t\tif !handler.IsSynced() {\n\t\t\t\treturn false, nil\n\t\t\t}	\n\t\t\tif !handler.HasSynced() {\n\t\t\t\treturn false, nil\n\t\t\t}	spurious_correlation_results/human_annotation/full_code/test27/generated.go	spurious_correlation_results/human_annotation/full_code/test27/reference.go	spurious_correlation_results/human_annotation/full_code/test27/generated_completion.txt	spurious_correlation_results/human_annotation/full_code/test27/reference_completion.txt	spurious_correlation_results/human_annotation/full_code/test27/prompt.txt			
test27_t1607_s05	7	5	27	test27	1607	.Is	IsSynced	HasSynced	5	5	alti_saliency	1508	Sync	0.015866	 func  ( sched  * Scheduler )  WaitFor Handlers [SOURCE:Sync] (ctx  context .Context )  error \n func  (	\n <|im_start|> assistant \n \t\t \tif  ! handler [TARGET:.Is] Sync ed ()  {\n \t\t\t \treturn  false ,	\n\t\t\tif !handler.IsSynced() {\n\t\t\t\treturn false, nil\n\t\t\t}	\n\t\t\tif !handler.HasSynced() {\n\t\t\t\treturn false, nil\n\t\t\t}	spurious_correlation_results/human_annotation/full_code/test27/generated.go	spurious_correlation_results/human_annotation/full_code/test27/reference.go	spurious_correlation_results/human_annotation/full_code/test27/generated_completion.txt	spurious_correlation_results/human_annotation/full_code/test27/reference_completion.txt	spurious_correlation_results/human_annotation/full_code/test27/prompt.txt			
test27_t1607_s06	7	6	27	test27	1607	.Is	IsSynced	HasSynced	6	6	alti_saliency	1565	.register	0.013737	 {\n \t \tfor  _,  handler  :=  range  sched [SOURCE:.register] ed Handlers  {  < M ID >  \t	\n <|im_start|> assistant \n \t\t \tif  ! handler [TARGET:.Is] Sync ed ()  {\n \t\t\t \treturn  false ,	\n\t\t\tif !handler.IsSynced() {\n\t\t\t\treturn false, nil\n\t\t\t}	\n\t\t\tif !handler.HasSynced() {\n\t\t\t\treturn false, nil\n\t\t\t}	spurious_correlation_results/human_annotation/full_code/test27/generated.go	spurious_correlation_results/human_annotation/full_code/test27/reference.go	spurious_correlation_results/human_annotation/full_code/test27/generated_completion.txt	spurious_correlation_results/human_annotation/full_code/test27/reference_completion.txt	spurious_correlation_results/human_annotation/full_code/test27/prompt.txt			
test27_t1607_s07	7	7	27	test27	1607	.Is	IsSynced	HasSynced	7	7	alti_saliency	177	former	0.012866	".io /client -go /d ynamic /d ynamic in [SOURCE:former] "";  "" k 8 s .io /client -go"	\n <|im_start|> assistant \n \t\t \tif  ! handler [TARGET:.Is] Sync ed ()  {\n \t\t\t \treturn  false ,	\n\t\t\tif !handler.IsSynced() {\n\t\t\t\treturn false, nil\n\t\t\t}	\n\t\t\tif !handler.HasSynced() {\n\t\t\t\treturn false, nil\n\t\t\t}	spurious_correlation_results/human_annotation/full_code/test27/generated.go	spurious_correlation_results/human_annotation/full_code/test27/reference.go	spurious_correlation_results/human_annotation/full_code/test27/generated_completion.txt	spurious_correlation_results/human_annotation/full_code/test27/reference_completion.txt	spurious_correlation_results/human_annotation/full_code/test27/prompt.txt			
test27_t1607_s08	7	8	27	test27	1607	.Is	IsSynced	HasSynced	8	8	alti_saliency	1559	\tfor	0.012838	done  bool ,  err  error )  {\n \t [SOURCE:\tfor]  _,  handler  :=  range  sched .register ed Handlers	\n <|im_start|> assistant \n \t\t \tif  ! handler [TARGET:.Is] Sync ed ()  {\n \t\t\t \treturn  false ,	\n\t\t\tif !handler.IsSynced() {\n\t\t\t\treturn false, nil\n\t\t\t}	\n\t\t\tif !handler.HasSynced() {\n\t\t\t\treturn false, nil\n\t\t\t}	spurious_correlation_results/human_annotation/full_code/test27/generated.go	spurious_correlation_results/human_annotation/full_code/test27/reference.go	spurious_correlation_results/human_annotation/full_code/test27/generated_completion.txt	spurious_correlation_results/human_annotation/full_code/test27/reference_completion.txt	spurious_correlation_results/human_annotation/full_code/test27/prompt.txt			
test27_t1607_s09	7	9	27	test27	1607	.Is	IsSynced	HasSynced	9	9	alti_saliency	1604	\tif	0.010364	 are  returned <|im_end|> \n <|im_start|> assistant \n \t\t [SOURCE:\tif]  ! handler .Is Sync ed ()  {\n \t\t\t	\n <|im_start|> assistant \n \t\t \tif  ! handler [TARGET:.Is] Sync ed ()  {\n \t\t\t \treturn  false ,	\n\t\t\tif !handler.IsSynced() {\n\t\t\t\treturn false, nil\n\t\t\t}	\n\t\t\tif !handler.HasSynced() {\n\t\t\t\treturn false, nil\n\t\t\t}	spurious_correlation_results/human_annotation/full_code/test27/generated.go	spurious_correlation_results/human_annotation/full_code/test27/reference.go	spurious_correlation_results/human_annotation/full_code/test27/generated_completion.txt	spurious_correlation_results/human_annotation/full_code/test27/reference_completion.txt	spurious_correlation_results/human_annotation/full_code/test27/prompt.txt			
test27_t1607_s10	7	10	27	test27	1607	.Is	IsSynced	HasSynced	10	10	alti_saliency	1567	Handlers	0.009937	\tfor  _,  handler  :=  range  sched .register ed [SOURCE:Handlers]  {  < M ID >  \t \t }\n	\n <|im_start|> assistant \n \t\t \tif  ! handler [TARGET:.Is] Sync ed ()  {\n \t\t\t \treturn  false ,	\n\t\t\tif !handler.IsSynced() {\n\t\t\t\treturn false, nil\n\t\t\t}	\n\t\t\tif !handler.HasSynced() {\n\t\t\t\treturn false, nil\n\t\t\t}	spurious_correlation_results/human_annotation/full_code/test27/generated.go	spurious_correlation_results/human_annotation/full_code/test27/reference.go	spurious_correlation_results/human_annotation/full_code/test27/generated_completion.txt	spurious_correlation_results/human_annotation/full_code/test27/reference_completion.txt	spurious_correlation_results/human_annotation/full_code/test27/prompt.txt			
test28_t620_s01	8	1	28	test28	620	\tdefer	defer	t	1	1	alti_saliency	586	func	0.016756	 * tracking Timer )  Stop ()  bool \n [SOURCE:func]  ( t  * tracking Timer )  Stop ()	>  are  returned <|im_end|> \n <|im_start|> assistant \n [TARGET:\tdefer]  t .parent .remove (t )\n \treturn  t .T	\n\tdefer t.parent.remove(t)\n\treturn t.Terminated	\n\tt.parent.remove(t.Timer)\n\treturn t.Timer.Stop()	spurious_correlation_results/human_annotation/full_code/test28/generated.go	spurious_correlation_results/human_annotation/full_code/test28/reference.go	spurious_correlation_results/human_annotation/full_code/test28/generated_completion.txt	spurious_correlation_results/human_annotation/full_code/test28/reference_completion.txt	spurious_correlation_results/human_annotation/full_code/test28/prompt.txt			
test28_t620_s02	8	2	28	test28	620	\tdefer	defer	t	2	2	alti_saliency	180	 Stop	0.016719	-  func  ( t  * tracking Timer ) [SOURCE: Stop] ()  bool \n  The  parameter  struct  definition  or	>  are  returned <|im_end|> \n <|im_start|> assistant \n [TARGET:\tdefer]  t .parent .remove (t )\n \treturn  t .T	\n\tdefer t.parent.remove(t)\n\treturn t.Terminated	\n\tt.parent.remove(t.Timer)\n\treturn t.Timer.Stop()	spurious_correlation_results/human_annotation/full_code/test28/generated.go	spurious_correlation_results/human_annotation/full_code/test28/reference.go	spurious_correlation_results/human_annotation/full_code/test28/generated_completion.txt	spurious_correlation_results/human_annotation/full_code/test28/reference_completion.txt	spurious_correlation_results/human_annotation/full_code/test28/prompt.txt			
test28_t620_s03	8	3	28	test28	620	\tdefer	defer	t	3	3	alti_saliency	575	 func	0.012246	 is  the  function  you  are  asked  to  complete [SOURCE: func]  ( t  * tracking Timer )  Stop ()	>  are  returned <|im_end|> \n <|im_start|> assistant \n [TARGET:\tdefer]  t .parent .remove (t )\n \treturn  t .T	\n\tdefer t.parent.remove(t)\n\treturn t.Terminated	\n\tt.parent.remove(t.Timer)\n\treturn t.Timer.Stop()	spurious_correlation_results/human_annotation/full_code/test28/generated.go	spurious_correlation_results/human_annotation/full_code/test28/reference.go	spurious_correlation_results/human_annotation/full_code/test28/generated_completion.txt	spurious_correlation_results/human_annotation/full_code/test28/reference_completion.txt	spurious_correlation_results/human_annotation/full_code/test28/prompt.txt			
test28_t620_s04	8	4	28	test28	620	\tdefer	defer	t	4	4	alti_saliency	158	 struct	0.012212	 definitions  of  the  function  is  type  tracking Timer [SOURCE: struct]  {\n \tinternal .Timer \n \tparent  * timer Factory	>  are  returned <|im_end|> \n <|im_start|> assistant \n [TARGET:\tdefer]  t .parent .remove (t )\n \treturn  t .T	\n\tdefer t.parent.remove(t)\n\treturn t.Terminated	\n\tt.parent.remove(t.Timer)\n\treturn t.Timer.Stop()	spurious_correlation_results/human_annotation/full_code/test28/generated.go	spurious_correlation_results/human_annotation/full_code/test28/reference.go	spurious_correlation_results/human_annotation/full_code/test28/generated_completion.txt	spurious_correlation_results/human_annotation/full_code/test28/reference_completion.txt	spurious_correlation_results/human_annotation/full_code/test28/prompt.txt			
test28_t620_s05	8	5	28	test28	620	\tdefer	defer	t	5	5	alti_saliency	161	.Timer	0.012101	 function  is  type  tracking Timer  struct  {\n \tinternal [SOURCE:.Timer] \n \tparent  * timer Factory \n }\n\n //	>  are  returned <|im_end|> \n <|im_start|> assistant \n [TARGET:\tdefer]  t .parent .remove (t )\n \treturn  t .T	\n\tdefer t.parent.remove(t)\n\treturn t.Terminated	\n\tt.parent.remove(t.Timer)\n\treturn t.Timer.Stop()	spurious_correlation_results/human_annotation/full_code/test28/generated.go	spurious_correlation_results/human_annotation/full_code/test28/reference.go	spurious_correlation_results/human_annotation/full_code/test28/generated_completion.txt	spurious_correlation_results/human_annotation/full_code/test28/reference_completion.txt	spurious_correlation_results/human_annotation/full_code/test28/prompt.txt			
test28_t620_s06	8	6	28	test28	620	\tdefer	defer	t	6	6	alti_saliency	582	 Stop	0.012027	 complete  func  ( t  * tracking Timer ) [SOURCE: Stop] ()  bool \n func  ( t  * tracking	>  are  returned <|im_end|> \n <|im_start|> assistant \n [TARGET:\tdefer]  t .parent .remove (t )\n \treturn  t .T	\n\tdefer t.parent.remove(t)\n\treturn t.Terminated	\n\tt.parent.remove(t.Timer)\n\treturn t.Timer.Stop()	spurious_correlation_results/human_annotation/full_code/test28/generated.go	spurious_correlation_results/human_annotation/full_code/test28/reference.go	spurious_correlation_results/human_annotation/full_code/test28/generated_completion.txt	spurious_correlation_results/human_annotation/full_code/test28/reference_completion.txt	spurious_correlation_results/human_annotation/full_code/test28/prompt.txt			
test28_t620_s07	8	7	28	test28	620	\tdefer	defer	t	7	7	alti_saliency	173	 func	0.011524	timer Factory \n }\n\n //  Methods :\n - [SOURCE: func]  ( t  * tracking Timer )  Stop ()	>  are  returned <|im_end|> \n <|im_start|> assistant \n [TARGET:\tdefer]  t .parent .remove (t )\n \treturn  t .T	\n\tdefer t.parent.remove(t)\n\treturn t.Terminated	\n\tt.parent.remove(t.Timer)\n\treturn t.Timer.Stop()	spurious_correlation_results/human_annotation/full_code/test28/generated.go	spurious_correlation_results/human_annotation/full_code/test28/reference.go	spurious_correlation_results/human_annotation/full_code/test28/generated_completion.txt	spurious_correlation_results/human_annotation/full_code/test28/reference_completion.txt	spurious_correlation_results/human_annotation/full_code/test28/prompt.txt			
test28_t620_s08	8	8	28	test28	620	\tdefer	defer	t	8	8	alti_saliency	157	Timer	0.010161	 struct  definitions  of  the  function  is  type  tracking [SOURCE:Timer]  struct  {\n \tinternal .Timer \n \tparent  * timer	>  are  returned <|im_end|> \n <|im_start|> assistant \n [TARGET:\tdefer]  t .parent .remove (t )\n \treturn  t .T	\n\tdefer t.parent.remove(t)\n\treturn t.Terminated	\n\tt.parent.remove(t.Timer)\n\treturn t.Timer.Stop()	spurious_correlation_results/human_annotation/full_code/test28/generated.go	spurious_correlation_results/human_annotation/full_code/test28/reference.go	spurious_correlation_results/human_annotation/full_code/test28/generated_completion.txt	spurious_correlation_results/human_annotation/full_code/test28/reference_completion.txt	spurious_correlation_results/human_annotation/full_code/test28/prompt.txt			
test28_t620_s09	8	9	28	test28	620	\tdefer	defer	t	9	9	alti_saliency	62	 package	0.009372	 provided  code     content .  Below  is  the [SOURCE: package]  path : github .com /grpc /grpc -go /internal	>  are  returned <|im_end|> \n <|im_start|> assistant \n [TARGET:\tdefer]  t .parent .remove (t )\n \treturn  t .T	\n\tdefer t.parent.remove(t)\n\treturn t.Terminated	\n\tt.parent.remove(t.Timer)\n\treturn t.Timer.Stop()	spurious_correlation_results/human_annotation/full_code/test28/generated.go	spurious_correlation_results/human_annotation/full_code/test28/reference.go	spurious_correlation_results/human_annotation/full_code/test28/generated_completion.txt	spurious_correlation_results/human_annotation/full_code/test28/reference_completion.txt	spurious_correlation_results/human_annotation/full_code/test28/prompt.txt			
test28_t620_s10	8	10	28	test28	620	\tdefer	defer	t	10	10	alti_saliency	357	func	0.009209	ak Checker { logger :  logger }\n }\n\n [SOURCE:func]  ( tf  * timer Factory )  time After	>  are  returned <|im_end|> \n <|im_start|> assistant \n [TARGET:\tdefer]  t .parent .remove (t )\n \treturn  t .T	\n\tdefer t.parent.remove(t)\n\treturn t.Terminated	\n\tt.parent.remove(t.Timer)\n\treturn t.Timer.Stop()	spurious_correlation_results/human_annotation/full_code/test28/generated.go	spurious_correlation_results/human_annotation/full_code/test28/reference.go	spurious_correlation_results/human_annotation/full_code/test28/generated_completion.txt	spurious_correlation_results/human_annotation/full_code/test28/reference_completion.txt	spurious_correlation_results/human_annotation/full_code/test28/prompt.txt			
test34_t439_s01	9	1	34	test34	439	\treturn	return	go	1	1	alti_saliency	377	func	0.018875	(d  time .Duration )  * Broadcast Ticker \n [SOURCE:func]  New Broadcast Ticker (d  time .Duration )  *	 returned <|im_end|> \n <|im_start|> assistant \n \t }\n [TARGET:\treturn]  t <|im_end|>	\n\t}\n\treturn t	\n\t}\n\tgo t.run()\n\treturn t	spurious_correlation_results/human_annotation/full_code/test34/generated.go	spurious_correlation_results/human_annotation/full_code/test34/reference.go	spurious_correlation_results/human_annotation/full_code/test34/generated_completion.txt	spurious_correlation_results/human_annotation/full_code/test34/reference_completion.txt	spurious_correlation_results/human_annotation/full_code/test34/prompt.txt			
test34_t439_s02	9	2	34	test34	439	\treturn	return	go	2	2	alti_saliency	102	lices	0.015507	" Below  is  the  imported  package  path  "" s [SOURCE:lices] "";  "" time "";  "" github .com /"	 returned <|im_end|> \n <|im_start|> assistant \n \t }\n [TARGET:\treturn]  t <|im_end|>	\n\t}\n\treturn t	\n\t}\n\tgo t.run()\n\treturn t	spurious_correlation_results/human_annotation/full_code/test34/generated.go	spurious_correlation_results/human_annotation/full_code/test34/reference.go	spurious_correlation_results/human_annotation/full_code/test34/generated_completion.txt	spurious_correlation_results/human_annotation/full_code/test34/reference_completion.txt	spurious_correlation_results/human_annotation/full_code/test34/prompt.txt			
test34_t439_s03	9	3	34	test34	439	\treturn	return	go	3	3	alti_saliency	172	 struct	0.013874	 Type  Broadcast Ticker  definition :\n type  Broadcast Ticker [SOURCE: struct]  {\n \tt icker  * time .T icker \n	 returned <|im_end|> \n <|im_start|> assistant \n \t }\n [TARGET:\treturn]  t <|im_end|>	\n\t}\n\treturn t	\n\t}\n\tgo t.run()\n\treturn t	spurious_correlation_results/human_annotation/full_code/test34/generated.go	spurious_correlation_results/human_annotation/full_code/test34/reference.go	spurious_correlation_results/human_annotation/full_code/test34/generated_completion.txt	spurious_correlation_results/human_annotation/full_code/test34/reference_completion.txt	spurious_correlation_results/human_annotation/full_code/test34/prompt.txt			
test34_t439_s04	9	4	34	test34	439	\treturn	return	go	4	4	alti_saliency	213	 func	0.013538	\n \t }\n }\n //  Methods :\n - [SOURCE: func]  ( t  * Broadcast Ticker )  run ()\n	 returned <|im_end|> \n <|im_start|> assistant \n \t }\n [TARGET:\treturn]  t <|im_end|>	\n\t}\n\treturn t	\n\t}\n\tgo t.run()\n\treturn t	spurious_correlation_results/human_annotation/full_code/test34/generated.go	spurious_correlation_results/human_annotation/full_code/test34/reference.go	spurious_correlation_results/human_annotation/full_code/test34/generated_completion.txt	spurious_correlation_results/human_annotation/full_code/test34/reference_completion.txt	spurious_correlation_results/human_annotation/full_code/test34/prompt.txt			
test34_t439_s05	9	5	34	test34	439	\treturn	return	go	5	5	alti_saliency	390	 :=	0.011896	 time .Duration )  * Broadcast Ticker  {\n \tt [SOURCE: :=]  & Broadcast Ticker {\n \t \tt icker :	 returned <|im_end|> \n <|im_start|> assistant \n \t }\n [TARGET:\treturn]  t <|im_end|>	\n\t}\n\treturn t	\n\t}\n\tgo t.run()\n\treturn t	spurious_correlation_results/human_annotation/full_code/test34/generated.go	spurious_correlation_results/human_annotation/full_code/test34/reference.go	spurious_correlation_results/human_annotation/full_code/test34/generated_completion.txt	spurious_correlation_results/human_annotation/full_code/test34/reference_completion.txt	spurious_correlation_results/human_annotation/full_code/test34/prompt.txt			
test34_t439_s06	9	6	34	test34	439	\treturn	return	go	6	6	alti_saliency	62	 package	0.011508	 provided  code     content .  Below  is  the [SOURCE: package]  path : github .com / cock roach db	 returned <|im_end|> \n <|im_start|> assistant \n \t }\n [TARGET:\treturn]  t <|im_end|>	\n\t}\n\treturn t	\n\t}\n\tgo t.run()\n\treturn t	spurious_correlation_results/human_annotation/full_code/test34/generated.go	spurious_correlation_results/human_annotation/full_code/test34/reference.go	spurious_correlation_results/human_annotation/full_code/test34/generated_completion.txt	spurious_correlation_results/human_annotation/full_code/test34/reference_completion.txt	spurious_correlation_results/human_annotation/full_code/test34/prompt.txt			
test34_t439_s07	9	7	34	test34	439	\treturn	return	go	7	7	alti_saliency	98	 package	0.011232	"/ cock roach /  Below  is  the  imported [SOURCE: package]  path  "" s lices "";  "" time "";"	 returned <|im_end|> \n <|im_start|> assistant \n \t }\n [TARGET:\treturn]  t <|im_end|>	\n\t}\n\treturn t	\n\t}\n\tgo t.run()\n\treturn t	spurious_correlation_results/human_annotation/full_code/test34/generated.go	spurious_correlation_results/human_annotation/full_code/test34/reference.go	spurious_correlation_results/human_annotation/full_code/test34/generated_completion.txt	spurious_correlation_results/human_annotation/full_code/test34/reference_completion.txt	spurious_correlation_results/human_annotation/full_code/test34/prompt.txt			
test34_t439_s08	9	8	34	test34	439	\treturn	return	go	8	8	alti_saliency	160	Broadcast	0.011192	 or  not  exist  of  the  function  is  * [SOURCE:Broadcast] Ticker \n\n //  Type  Broadcast Ticker  definition :\n	 returned <|im_end|> \n <|im_start|> assistant \n \t }\n [TARGET:\treturn]  t <|im_end|>	\n\t}\n\treturn t	\n\t}\n\tgo t.run()\n\treturn t	spurious_correlation_results/human_annotation/full_code/test34/generated.go	spurious_correlation_results/human_annotation/full_code/test34/reference.go	spurious_correlation_results/human_annotation/full_code/test34/generated_completion.txt	spurious_correlation_results/human_annotation/full_code/test34/reference_completion.txt	spurious_correlation_results/human_annotation/full_code/test34/prompt.txt			
test34_t439_s09	9	9	34	test34	439	\treturn	return	go	9	9	alti_saliency	365	 func	0.010775	 is  the  function  you  are  asked  to  complete [SOURCE: func]  New Broadcast Ticker (d  time .Duration )  *	 returned <|im_end|> \n <|im_start|> assistant \n \t }\n [TARGET:\treturn]  t <|im_end|>	\n\t}\n\treturn t	\n\t}\n\tgo t.run()\n\treturn t	spurious_correlation_results/human_annotation/full_code/test34/generated.go	spurious_correlation_results/human_annotation/full_code/test34/reference.go	spurious_correlation_results/human_annotation/full_code/test34/generated_completion.txt	spurious_correlation_results/human_annotation/full_code/test34/reference_completion.txt	spurious_correlation_results/human_annotation/full_code/test34/prompt.txt			
test34_t439_s10	9	10	34	test34	439	\treturn	return	go	10	10	alti_saliency	69	roach	0.010756	 the  package  path : github .com / cock [SOURCE:roach] db / cock roach /pkg /util /time util	 returned <|im_end|> \n <|im_start|> assistant \n \t }\n [TARGET:\treturn]  t <|im_end|>	\n\t}\n\treturn t	\n\t}\n\tgo t.run()\n\treturn t	spurious_correlation_results/human_annotation/full_code/test34/generated.go	spurious_correlation_results/human_annotation/full_code/test34/reference.go	spurious_correlation_results/human_annotation/full_code/test34/generated_completion.txt	spurious_correlation_results/human_annotation/full_code/test34/reference_completion.txt	spurious_correlation_results/human_annotation/full_code/test34/prompt.txt			
test38_t334_s01	10	1	38	test38	334	 res	res	strings	1	1	alti_saliency	184	func	0.032103	 delimiter  string ))  * ast .Array Type \n [SOURCE:func]  Path Split ter (path  string ,  delimiter  string	<|im_start|> assistant \n \t\t \tres [last ]  = [TARGET: res] [last ]  +  ps [i ]\n \t \t	\n\t\t\tres[last] = res[last] + ps[i]\n\t\t} else {\n\t\t\tres = append(res, ps[i])	\n\t\t\tres[last] = strings.TrimSuffix(res[last], `\`) + delimiter + ps[i]\n\t\t} else {\n\t\t\tres = append(res, ps[i])	spurious_correlation_results/human_annotation/full_code/test38/generated.go	spurious_correlation_results/human_annotation/full_code/test38/reference.go	spurious_correlation_results/human_annotation/full_code/test38/generated_completion.txt	spurious_correlation_results/human_annotation/full_code/test38/reference_completion.txt	spurious_correlation_results/human_annotation/full_code/test38/prompt.txt			
test38_t334_s02	10	2	38	test38	334	 res	res	strings	2	2	alti_saliency	291	Suffix	0.03011	 -   1 \n \t \tif  strings .Has [SOURCE:Suffix] (res [last ],  `\ `)  {  < M	<|im_start|> assistant \n \t\t \tres [last ]  = [TARGET: res] [last ]  +  ps [i ]\n \t \t	\n\t\t\tres[last] = res[last] + ps[i]\n\t\t} else {\n\t\t\tres = append(res, ps[i])	\n\t\t\tres[last] = strings.TrimSuffix(res[last], `\`) + delimiter + ps[i]\n\t\t} else {\n\t\t\tres = append(res, ps[i])	spurious_correlation_results/human_annotation/full_code/test38/generated.go	spurious_correlation_results/human_annotation/full_code/test38/reference.go	spurious_correlation_results/human_annotation/full_code/test38/generated_completion.txt	spurious_correlation_results/human_annotation/full_code/test38/reference_completion.txt	spurious_correlation_results/human_annotation/full_code/test38/prompt.txt			
test38_t334_s03	10	3	38	test38	334	 res	res	strings	3	3	alti_saliency	290	.Has	0.026542	)  -   1 \n \t \tif  strings [SOURCE:.Has] Suffix (res [last ],  `\ `)  {  <	<|im_start|> assistant \n \t\t \tres [last ]  = [TARGET: res] [last ]  +  ps [i ]\n \t \t	\n\t\t\tres[last] = res[last] + ps[i]\n\t\t} else {\n\t\t\tres = append(res, ps[i])	\n\t\t\tres[last] = strings.TrimSuffix(res[last], `\`) + delimiter + ps[i]\n\t\t} else {\n\t\t\tres = append(res, ps[i])	spurious_correlation_results/human_annotation/full_code/test38/generated.go	spurious_correlation_results/human_annotation/full_code/test38/reference.go	spurious_correlation_results/human_annotation/full_code/test38/generated_completion.txt	spurious_correlation_results/human_annotation/full_code/test38/reference_completion.txt	spurious_correlation_results/human_annotation/full_code/test38/prompt.txt			
test38_t334_s04	10	4	38	test38	334	 res	res	strings	4	4	alti_saliency	170	Split	0.022847	 function  you  are  asked  to  complete  func  Path [SOURCE:Split] ter (( path  string ,  delimiter  string ))	<|im_start|> assistant \n \t\t \tres [last ]  = [TARGET: res] [last ]  +  ps [i ]\n \t \t	\n\t\t\tres[last] = res[last] + ps[i]\n\t\t} else {\n\t\t\tres = append(res, ps[i])	\n\t\t\tres[last] = strings.TrimSuffix(res[last], `\`) + delimiter + ps[i]\n\t\t} else {\n\t\t\tres = append(res, ps[i])	spurious_correlation_results/human_annotation/full_code/test38/generated.go	spurious_correlation_results/human_annotation/full_code/test38/reference.go	spurious_correlation_results/human_annotation/full_code/test38/generated_completion.txt	spurious_correlation_results/human_annotation/full_code/test38/reference_completion.txt	spurious_correlation_results/human_annotation/full_code/test38/prompt.txt			
test38_t334_s05	10	5	38	test38	334	 res	res	strings	5	5	alti_saliency	295	 `\	0.02016	\t \tif  strings .Has Suffix (res [last ], [SOURCE: `\] `)  {  < M ID >  \t \t	<|im_start|> assistant \n \t\t \tres [last ]  = [TARGET: res] [last ]  +  ps [i ]\n \t \t	\n\t\t\tres[last] = res[last] + ps[i]\n\t\t} else {\n\t\t\tres = append(res, ps[i])	\n\t\t\tres[last] = strings.TrimSuffix(res[last], `\`) + delimiter + ps[i]\n\t\t} else {\n\t\t\tres = append(res, ps[i])	spurious_correlation_results/human_annotation/full_code/test38/generated.go	spurious_correlation_results/human_annotation/full_code/test38/reference.go	spurious_correlation_results/human_annotation/full_code/test38/generated_completion.txt	spurious_correlation_results/human_annotation/full_code/test38/reference_completion.txt	spurious_correlation_results/human_annotation/full_code/test38/prompt.txt			
test38_t334_s06	10	6	38	test38	334	 res	res	strings	6	6	alti_saliency	198	 :=	0.015811	,  delimiter  string )  [] string  {\n \tps [SOURCE: :=]  strings .Split (path ,  delimiter )\n \tvar  res	<|im_start|> assistant \n \t\t \tres [last ]  = [TARGET: res] [last ]  +  ps [i ]\n \t \t	\n\t\t\tres[last] = res[last] + ps[i]\n\t\t} else {\n\t\t\tres = append(res, ps[i])	\n\t\t\tres[last] = strings.TrimSuffix(res[last], `\`) + delimiter + ps[i]\n\t\t} else {\n\t\t\tres = append(res, ps[i])	spurious_correlation_results/human_annotation/full_code/test38/generated.go	spurious_correlation_results/human_annotation/full_code/test38/reference.go	spurious_correlation_results/human_annotation/full_code/test38/generated_completion.txt	spurious_correlation_results/human_annotation/full_code/test38/reference_completion.txt	spurious_correlation_results/human_annotation/full_code/test38/prompt.txt			
test38_t334_s07	10	7	38	test38	334	 res	res	strings	7	7	alti_saliency	279	 :=	0.015206	 len (ps );  i ++  {\n \t \tlast [SOURCE: :=]  len (res )  -   1 \n \t	<|im_start|> assistant \n \t\t \tres [last ]  = [TARGET: res] [last ]  +  ps [i ]\n \t \t	\n\t\t\tres[last] = res[last] + ps[i]\n\t\t} else {\n\t\t\tres = append(res, ps[i])	\n\t\t\tres[last] = strings.TrimSuffix(res[last], `\`) + delimiter + ps[i]\n\t\t} else {\n\t\t\tres = append(res, ps[i])	spurious_correlation_results/human_annotation/full_code/test38/generated.go	spurious_correlation_results/human_annotation/full_code/test38/reference.go	spurious_correlation_results/human_annotation/full_code/test38/generated_completion.txt	spurious_correlation_results/human_annotation/full_code/test38/reference_completion.txt	spurious_correlation_results/human_annotation/full_code/test38/prompt.txt			
test38_t334_s08	10	8	38	test38	334	 res	res	strings	8	8	alti_saliency	331	[last	0.015029	 returned <|im_end|> \n <|im_start|> assistant \n \t\t \tres [SOURCE:[last] ]  =  res [last ]  +  ps [i	<|im_start|> assistant \n \t\t \tres [last ]  = [TARGET: res] [last ]  +  ps [i ]\n \t \t	\n\t\t\tres[last] = res[last] + ps[i]\n\t\t} else {\n\t\t\tres = append(res, ps[i])	\n\t\t\tres[last] = strings.TrimSuffix(res[last], `\`) + delimiter + ps[i]\n\t\t} else {\n\t\t\tres = append(res, ps[i])	spurious_correlation_results/human_annotation/full_code/test38/generated.go	spurious_correlation_results/human_annotation/full_code/test38/reference.go	spurious_correlation_results/human_annotation/full_code/test38/generated_completion.txt	spurious_correlation_results/human_annotation/full_code/test38/reference_completion.txt	spurious_correlation_results/human_annotation/full_code/test38/prompt.txt			
test38_t334_s09	10	9	38	test38	334	 res	res	strings	9	9	alti_saliency	200	.Split	0.013888	 string )  [] string  {\n \tps  :=  strings [SOURCE:.Split] (path ,  delimiter )\n \tvar  res  [] string	<|im_start|> assistant \n \t\t \tres [last ]  = [TARGET: res] [last ]  +  ps [i ]\n \t \t	\n\t\t\tres[last] = res[last] + ps[i]\n\t\t} else {\n\t\t\tres = append(res, ps[i])	\n\t\t\tres[last] = strings.TrimSuffix(res[last], `\`) + delimiter + ps[i]\n\t\t} else {\n\t\t\tres = append(res, ps[i])	spurious_correlation_results/human_annotation/full_code/test38/generated.go	spurious_correlation_results/human_annotation/full_code/test38/reference.go	spurious_correlation_results/human_annotation/full_code/test38/generated_completion.txt	spurious_correlation_results/human_annotation/full_code/test38/reference_completion.txt	spurious_correlation_results/human_annotation/full_code/test38/prompt.txt			
test38_t334_s10	10	10	38	test38	334	 res	res	strings	10	10	alti_saliency	169	 Path	0.013555	 the  function  you  are  asked  to  complete  func [SOURCE: Path] Split ter (( path  string ,  delimiter  string	<|im_start|> assistant \n \t\t \tres [last ]  = [TARGET: res] [last ]  +  ps [i ]\n \t \t	\n\t\t\tres[last] = res[last] + ps[i]\n\t\t} else {\n\t\t\tres = append(res, ps[i])	\n\t\t\tres[last] = strings.TrimSuffix(res[last], `\`) + delimiter + ps[i]\n\t\t} else {\n\t\t\tres = append(res, ps[i])	spurious_correlation_results/human_annotation/full_code/test38/generated.go	spurious_correlation_results/human_annotation/full_code/test38/reference.go	spurious_correlation_results/human_annotation/full_code/test38/generated_completion.txt	spurious_correlation_results/human_annotation/full_code/test38/reference_completion.txt	spurious_correlation_results/human_annotation/full_code/test38/prompt.txt			
test39_t987_s01	11	1	39	test39	987	\tif	if	p	1	1	alti_saliency	914	.Split	0.020555	" {\n \t \tif  dir ,  _  :=  filepath [SOURCE:.Split] (p );  dir  !=  """"  {  < M"	 are  returned <|im_end|> \n <|im_start|> assistant \n \t\t [TARGET:\tif]  err  :=  os .M kdir All (dir ,	\n\t\t\tif err := os.MkdirAll(dir, 0o755); err != nil && !os.IsExist(err) {\n\t\t\t\td.logger.Error	"\n\t\t\tp = dir\n\t\t} else {\n\t\t\tp = ""./"""	spurious_correlation_results/human_annotation/full_code/test39/generated.go	spurious_correlation_results/human_annotation/full_code/test39/reference.go	spurious_correlation_results/human_annotation/full_code/test39/generated_completion.txt	spurious_correlation_results/human_annotation/full_code/test39/reference_completion.txt	spurious_correlation_results/human_annotation/full_code/test39/prompt.txt			
test39_t987_s02	11	2	39	test39	987	\tif	if	p	2	2	alti_saliency	909	 dir	0.018007	 p  :=  range  d .paths  {\n \t \tif [SOURCE: dir] ,  _  :=  filepath .Split (p );  dir	 are  returned <|im_end|> \n <|im_start|> assistant \n \t\t [TARGET:\tif]  err  :=  os .M kdir All (dir ,	\n\t\t\tif err := os.MkdirAll(dir, 0o755); err != nil && !os.IsExist(err) {\n\t\t\t\td.logger.Error	"\n\t\t\tp = dir\n\t\t} else {\n\t\t\tp = ""./"""	spurious_correlation_results/human_annotation/full_code/test39/generated.go	spurious_correlation_results/human_annotation/full_code/test39/reference.go	spurious_correlation_results/human_annotation/full_code/test39/generated_completion.txt	spurious_correlation_results/human_annotation/full_code/test39/reference_completion.txt	spurious_correlation_results/human_annotation/full_code/test39/prompt.txt			
test39_t987_s03	11	3	39	test39	987	\tif	if	p	3	3	alti_saliency	139	notify	0.016684	""";  "" time "";  "" github .com /fs [SOURCE:notify] /fs notify "";  "" github .com /gr af"	 are  returned <|im_end|> \n <|im_start|> assistant \n \t\t [TARGET:\tif]  err  :=  os .M kdir All (dir ,	\n\t\t\tif err := os.MkdirAll(dir, 0o755); err != nil && !os.IsExist(err) {\n\t\t\t\td.logger.Error	"\n\t\t\tp = dir\n\t\t} else {\n\t\t\tp = ""./"""	spurious_correlation_results/human_annotation/full_code/test39/generated.go	spurious_correlation_results/human_annotation/full_code/test39/reference.go	spurious_correlation_results/human_annotation/full_code/test39/generated_completion.txt	spurious_correlation_results/human_annotation/full_code/test39/reference_completion.txt	spurious_correlation_results/human_annotation/full_code/test39/prompt.txt			
test39_t987_s04	11	4	39	test39	987	\tif	if	p	4	4	alti_saliency	908	\tif	0.015078	 _,  p  :=  range  d .paths  {\n \t [SOURCE:\tif]  dir ,  _  :=  filepath .Split (p );	 are  returned <|im_end|> \n <|im_start|> assistant \n \t\t [TARGET:\tif]  err  :=  os .M kdir All (dir ,	\n\t\t\tif err := os.MkdirAll(dir, 0o755); err != nil && !os.IsExist(err) {\n\t\t\t\td.logger.Error	"\n\t\t\tp = dir\n\t\t} else {\n\t\t\tp = ""./"""	spurious_correlation_results/human_annotation/full_code/test39/generated.go	spurious_correlation_results/human_annotation/full_code/test39/reference.go	spurious_correlation_results/human_annotation/full_code/test39/generated_completion.txt	spurious_correlation_results/human_annotation/full_code/test39/reference_completion.txt	spurious_correlation_results/human_annotation/full_code/test39/prompt.txt			
test39_t987_s05	11	5	39	test39	987	\tif	if	p	5	5	alti_saliency	912	 :=	0.013022	" d .paths  {\n \t \tif  dir ,  _ [SOURCE: :=]  filepath .Split (p );  dir  !=  """"  {"	 are  returned <|im_end|> \n <|im_start|> assistant \n \t\t [TARGET:\tif]  err  :=  os .M kdir All (dir ,	\n\t\t\tif err := os.MkdirAll(dir, 0o755); err != nil && !os.IsExist(err) {\n\t\t\t\td.logger.Error	"\n\t\t\tp = dir\n\t\t} else {\n\t\t\tp = ""./"""	spurious_correlation_results/human_annotation/full_code/test39/generated.go	spurious_correlation_results/human_annotation/full_code/test39/reference.go	spurious_correlation_results/human_annotation/full_code/test39/generated_completion.txt	spurious_correlation_results/human_annotation/full_code/test39/reference_completion.txt	spurious_correlation_results/human_annotation/full_code/test39/prompt.txt			
test39_t987_s06	11	6	39	test39	987	\tif	if	p	6	6	alti_saliency	138	/fs	0.012863	"sync "";  "" time "";  "" github .com [SOURCE:/fs] notify /fs notify "";  "" github .com /gr"	 are  returned <|im_end|> \n <|im_start|> assistant \n \t\t [TARGET:\tif]  err  :=  os .M kdir All (dir ,	\n\t\t\tif err := os.MkdirAll(dir, 0o755); err != nil && !os.IsExist(err) {\n\t\t\t\td.logger.Error	"\n\t\t\tp = dir\n\t\t} else {\n\t\t\tp = ""./"""	spurious_correlation_results/human_annotation/full_code/test39/generated.go	spurious_correlation_results/human_annotation/full_code/test39/reference.go	spurious_correlation_results/human_annotation/full_code/test39/generated_completion.txt	spurious_correlation_results/human_annotation/full_code/test39/reference_completion.txt	spurious_correlation_results/human_annotation/full_code/test39/prompt.txt			
test39_t987_s07	11	7	39	test39	987	\tif	if	p	7	7	alti_saliency	913	 filepath	0.011728	".paths  {\n \t \tif  dir ,  _  := [SOURCE: filepath] .Split (p );  dir  !=  """"  {  <"	 are  returned <|im_end|> \n <|im_start|> assistant \n \t\t [TARGET:\tif]  err  :=  os .M kdir All (dir ,	\n\t\t\tif err := os.MkdirAll(dir, 0o755); err != nil && !os.IsExist(err) {\n\t\t\t\td.logger.Error	"\n\t\t\tp = dir\n\t\t} else {\n\t\t\tp = ""./"""	spurious_correlation_results/human_annotation/full_code/test39/generated.go	spurious_correlation_results/human_annotation/full_code/test39/reference.go	spurious_correlation_results/human_annotation/full_code/test39/generated_completion.txt	spurious_correlation_results/human_annotation/full_code/test39/reference_completion.txt	spurious_correlation_results/human_annotation/full_code/test39/prompt.txt			
test39_t987_s08	11	8	39	test39	987	\tif	if	p	8	8	alti_saliency	873	func	0.010866	 ( d  * Discovery )  watch Files ()\n [SOURCE:func]  ( d  * Discovery )  watch Files ()	 are  returned <|im_end|> \n <|im_start|> assistant \n \t\t [TARGET:\tif]  err  :=  os .M kdir All (dir ,	\n\t\t\tif err := os.MkdirAll(dir, 0o755); err != nil && !os.IsExist(err) {\n\t\t\t\td.logger.Error	"\n\t\t\tp = dir\n\t\t} else {\n\t\t\tp = ""./"""	spurious_correlation_results/human_annotation/full_code/test39/generated.go	spurious_correlation_results/human_annotation/full_code/test39/reference.go	spurious_correlation_results/human_annotation/full_code/test39/generated_completion.txt	spurious_correlation_results/human_annotation/full_code/test39/reference_completion.txt	spurious_correlation_results/human_annotation/full_code/test39/prompt.txt			
test39_t987_s09	11	9	39	test39	987	\tif	if	p	9	9	alti_saliency	899	\tfor	0.010395	"\tpanic ("" no  watcher  configured "")\n \t }\n [SOURCE:\tfor]  _,  p  :=  range  d .paths  {\n \t"	 are  returned <|im_end|> \n <|im_start|> assistant \n \t\t [TARGET:\tif]  err  :=  os .M kdir All (dir ,	\n\t\t\tif err := os.MkdirAll(dir, 0o755); err != nil && !os.IsExist(err) {\n\t\t\t\td.logger.Error	"\n\t\t\tp = dir\n\t\t} else {\n\t\t\tp = ""./"""	spurious_correlation_results/human_annotation/full_code/test39/generated.go	spurious_correlation_results/human_annotation/full_code/test39/reference.go	spurious_correlation_results/human_annotation/full_code/test39/generated_completion.txt	spurious_correlation_results/human_annotation/full_code/test39/reference_completion.txt	spurious_correlation_results/human_annotation/full_code/test39/prompt.txt			
test39_t987_s10	11	10	39	test39	987	\tif	if	p	10	10	alti_saliency	902	 :=	0.010029	" watcher  configured "")\n \t }\n \tfor  _,  p [SOURCE: :=]  range  d .paths  {\n \t \tif  dir ,"	 are  returned <|im_end|> \n <|im_start|> assistant \n \t\t [TARGET:\tif]  err  :=  os .M kdir All (dir ,	\n\t\t\tif err := os.MkdirAll(dir, 0o755); err != nil && !os.IsExist(err) {\n\t\t\t\td.logger.Error	"\n\t\t\tp = dir\n\t\t} else {\n\t\t\tp = ""./"""	spurious_correlation_results/human_annotation/full_code/test39/generated.go	spurious_correlation_results/human_annotation/full_code/test39/reference.go	spurious_correlation_results/human_annotation/full_code/test39/generated_completion.txt	spurious_correlation_results/human_annotation/full_code/test39/reference_completion.txt	spurious_correlation_results/human_annotation/full_code/test39/prompt.txt			
test41_t1168_s01	12	1	41	test41	1168	 Set	Set	Default	1	1	alti_saliency	654	 Whether	0.020676	" "" 5 s ""\n    #\n    ## [SOURCE: Whether]  to  report  for  each  container  per -device  blk"	 returned <|im_end|> \n <|im_start|> assistant \n    ## [TARGET: Set]  to  true  to  report  for  each  container  per	\n  ## Set to true to report for each container per device blkio, network (eth0, eth1,...)	\n  ## Default value is 'true' for backwards compatibility, please set it to 'false' so that 'perdevice_include' setting\n  ## is honored.\n  perdevice = true	spurious_correlation_results/human_annotation/full_code/test41/generated.go	spurious_correlation_results/human_annotation/full_code/test41/reference.go	spurious_correlation_results/human_annotation/full_code/test41/generated_completion.txt	spurious_correlation_results/human_annotation/full_code/test41/reference_completion.txt	spurious_correlation_results/human_annotation/full_code/test41/prompt.txt			
test41_t1168_s02	12	2	41	test41	1168	 Set	Set	Default	2	2	alti_saliency	707	 discouraged	0.020091	.\n    ##  Usage  of  this  setting  is [SOURCE: discouraged]  since  it  will  be  deprecated  in  favor  of	 returned <|im_end|> \n <|im_start|> assistant \n    ## [TARGET: Set]  to  true  to  report  for  each  container  per	\n  ## Set to true to report for each container per device blkio, network (eth0, eth1,...)	\n  ## Default value is 'true' for backwards compatibility, please set it to 'false' so that 'perdevice_include' setting\n  ## is honored.\n  perdevice = true	spurious_correlation_results/human_annotation/full_code/test41/generated.go	spurious_correlation_results/human_annotation/full_code/test41/reference.go	spurious_correlation_results/human_annotation/full_code/test41/generated_completion.txt	spurious_correlation_results/human_annotation/full_code/test41/reference_completion.txt	spurious_correlation_results/human_annotation/full_code/test41/prompt.txt			
test41_t1168_s03	12	3	41	test41	1168	 Set	Set	Default	3	3	alti_saliency	662	 blk	0.013875	 Whether  to  report  for  each  container  per -device [SOURCE: blk] io  ( 8 : 0 ,   8	 returned <|im_end|> \n <|im_start|> assistant \n    ## [TARGET: Set]  to  true  to  report  for  each  container  per	\n  ## Set to true to report for each container per device blkio, network (eth0, eth1,...)	\n  ## Default value is 'true' for backwards compatibility, please set it to 'false' so that 'perdevice_include' setting\n  ## is honored.\n  perdevice = true	spurious_correlation_results/human_annotation/full_code/test41/generated.go	spurious_correlation_results/human_annotation/full_code/test41/reference.go	spurious_correlation_results/human_annotation/full_code/test41/generated_completion.txt	spurious_correlation_results/human_annotation/full_code/test41/reference_completion.txt	spurious_correlation_results/human_annotation/full_code/test41/prompt.txt			
test41_t1168_s04	12	4	41	test41	1168	 Set	Set	Default	4	4	alti_saliency	702	 Usage	0.01183	,  ...)  stats  or  not .\n    ## [SOURCE: Usage]  of  this  setting  is  discouraged  since  it  will	 returned <|im_end|> \n <|im_start|> assistant \n    ## [TARGET: Set]  to  true  to  report  for  each  container  per	\n  ## Set to true to report for each container per device blkio, network (eth0, eth1,...)	\n  ## Default value is 'true' for backwards compatibility, please set it to 'false' so that 'perdevice_include' setting\n  ## is honored.\n  perdevice = true	spurious_correlation_results/human_annotation/full_code/test41/generated.go	spurious_correlation_results/human_annotation/full_code/test41/reference.go	spurious_correlation_results/human_annotation/full_code/test41/generated_completion.txt	spurious_correlation_results/human_annotation/full_code/test41/reference_completion.txt	spurious_correlation_results/human_annotation/full_code/test41/prompt.txt			
test41_t1168_s05	12	5	41	test41	1168	 Set	Set	Default	5	5	alti_saliency	712	 deprecated	0.010477	 this  setting  is  discouraged  since  it  will  be [SOURCE: deprecated]  in  favor  of  ' per device _include '.	 returned <|im_end|> \n <|im_start|> assistant \n    ## [TARGET: Set]  to  true  to  report  for  each  container  per	\n  ## Set to true to report for each container per device blkio, network (eth0, eth1,...)	\n  ## Default value is 'true' for backwards compatibility, please set it to 'false' so that 'perdevice_include' setting\n  ## is honored.\n  perdevice = true	spurious_correlation_results/human_annotation/full_code/test41/generated.go	spurious_correlation_results/human_annotation/full_code/test41/reference.go	spurious_correlation_results/human_annotation/full_code/test41/generated_completion.txt	spurious_correlation_results/human_annotation/full_code/test41/reference_completion.txt	spurious_correlation_results/human_annotation/full_code/test41/prompt.txt			
test41_t1168_s06	12	6	41	test41	1168	 Set	Set	Default	6	6	alti_saliency	406	 Set	0.009898	" =  ""% s ""\n    #\n    ## [SOURCE: Set]  to  true  to  collect  Swarm  metrics (des ired"	 returned <|im_end|> \n <|im_start|> assistant \n    ## [TARGET: Set]  to  true  to  report  for  each  container  per	\n  ## Set to true to report for each container per device blkio, network (eth0, eth1,...)	\n  ## Default value is 'true' for backwards compatibility, please set it to 'false' so that 'perdevice_include' setting\n  ## is honored.\n  perdevice = true	spurious_correlation_results/human_annotation/full_code/test41/generated.go	spurious_correlation_results/human_annotation/full_code/test41/reference.go	spurious_correlation_results/human_annotation/full_code/test41/generated_completion.txt	spurious_correlation_results/human_annotation/full_code/test41/reference_completion.txt	spurious_correlation_results/human_annotation/full_code/test41/prompt.txt			
test41_t1168_s07	12	7	41	test41	1168	 Set	Set	Default	7	7	alti_saliency	74	tele	0.009337	.com /in flux data /in flux db / [SOURCE:tele] graf /plugins / inputs  Below  is  the  code	 returned <|im_end|> \n <|im_start|> assistant \n    ## [TARGET: Set]  to  true  to  report  for  each  container  per	\n  ## Set to true to report for each container per device blkio, network (eth0, eth1,...)	\n  ## Default value is 'true' for backwards compatibility, please set it to 'false' so that 'perdevice_include' setting\n  ## is honored.\n  perdevice = true	spurious_correlation_results/human_annotation/full_code/test41/generated.go	spurious_correlation_results/human_annotation/full_code/test41/reference.go	spurious_correlation_results/human_annotation/full_code/test41/generated_completion.txt	spurious_correlation_results/human_annotation/full_code/test41/reference_completion.txt	spurious_correlation_results/human_annotation/full_code/test41/prompt.txt			
test41_t1168_s08	12	8	41	test41	1168	 Set	Set	Default	8	8	alti_saliency	411	 Swarm	0.009186	 #\n    ##  Set  to  true  to  collect [SOURCE: Swarm]  metrics (des ired _rep licas ,  running _rep	 returned <|im_end|> \n <|im_start|> assistant \n    ## [TARGET: Set]  to  true  to  report  for  each  container  per	\n  ## Set to true to report for each container per device blkio, network (eth0, eth1,...)	\n  ## Default value is 'true' for backwards compatibility, please set it to 'false' so that 'perdevice_include' setting\n  ## is honored.\n  perdevice = true	spurious_correlation_results/human_annotation/full_code/test41/generated.go	spurious_correlation_results/human_annotation/full_code/test41/reference.go	spurious_correlation_results/human_annotation/full_code/test41/generated_completion.txt	spurious_correlation_results/human_annotation/full_code/test41/reference_completion.txt	spurious_correlation_results/human_annotation/full_code/test41/prompt.txt			
test41_t1168_s09	12	9	41	test41	1168	 Set	Set	Default	9	9	alti_saliency	75	graf	0.00912	/in flux data /in flux db / tele [SOURCE:graf] /plugins / inputs  Below  is  the  code  repository	 returned <|im_end|> \n <|im_start|> assistant \n    ## [TARGET: Set]  to  true  to  report  for  each  container  per	\n  ## Set to true to report for each container per device blkio, network (eth0, eth1,...)	\n  ## Default value is 'true' for backwards compatibility, please set it to 'false' so that 'perdevice_include' setting\n  ## is honored.\n  perdevice = true	spurious_correlation_results/human_annotation/full_code/test41/generated.go	spurious_correlation_results/human_annotation/full_code/test41/reference.go	spurious_correlation_results/human_annotation/full_code/test41/generated_completion.txt	spurious_correlation_results/human_annotation/full_code/test41/reference_completion.txt	spurious_correlation_results/human_annotation/full_code/test41/prompt.txt			
test41_t1168_s10	12	10	41	test41	1168	 Set	Set	Default	10	10	alti_saliency	410	 collect	0.00856	   #\n    ##  Set  to  true  to [SOURCE: collect]  Swarm  metrics (des ired _rep licas ,  running	 returned <|im_end|> \n <|im_start|> assistant \n    ## [TARGET: Set]  to  true  to  report  for  each  container  per	\n  ## Set to true to report for each container per device blkio, network (eth0, eth1,...)	\n  ## Default value is 'true' for backwards compatibility, please set it to 'false' so that 'perdevice_include' setting\n  ## is honored.\n  perdevice = true	spurious_correlation_results/human_annotation/full_code/test41/generated.go	spurious_correlation_results/human_annotation/full_code/test41/reference.go	spurious_correlation_results/human_annotation/full_code/test41/generated_completion.txt	spurious_correlation_results/human_annotation/full_code/test41/reference_completion.txt	spurious_correlation_results/human_annotation/full_code/test41/prompt.txt			
test49_t1809_s01	13	1	49	test49	1809	\tif	if	t	1	1	alti_saliency	74	/testify	0.01644	.com /kubernetes /K ubernetes /vendor /github .com /stretchr [SOURCE:/testify] /mock  Below  is  the  code  repository :  github	 are  returned <|im_end|> \n <|im_start|> assistant \n \t\t [TARGET:\tif]  ! m .Assert Expect ations (t )  {\n	"\n\t\t\tif !m.AssertExpectations(t) {\n\t\t\t\tt.Logf(""Expectations didn't match forMock: %+v"", reflect.TypeOf(m))\n\t\t\t\treturn false"	"\n\t\t\tt.Logf(""Deprecated mock.AssertExpectationsForObjects(myMock.Mock) use mock.AssertExpectationsForObjects(myMock)"")\n\t\t\tobj = m"	spurious_correlation_results/human_annotation/full_code/test49/generated.go	spurious_correlation_results/human_annotation/full_code/test49/reference.go	spurious_correlation_results/human_annotation/full_code/test49/generated_completion.txt	spurious_correlation_results/human_annotation/full_code/test49/reference_completion.txt	spurious_correlation_results/human_annotation/full_code/test49/prompt.txt			
test49_t1809_s02	13	2	49	test49	1809	\tif	if	t	2	2	alti_saliency	1656	 Assert	0.011173	 the  function  you  are  asked  to  complete  func [SOURCE: Assert] Expect ations For Objects (( t  Testing T	 are  returned <|im_end|> \n <|im_start|> assistant \n \t\t [TARGET:\tif]  ! m .Assert Expect ations (t )  {\n	"\n\t\t\tif !m.AssertExpectations(t) {\n\t\t\t\tt.Logf(""Expectations didn't match forMock: %+v"", reflect.TypeOf(m))\n\t\t\t\treturn false"	"\n\t\t\tt.Logf(""Deprecated mock.AssertExpectationsForObjects(myMock.Mock) use mock.AssertExpectationsForObjects(myMock)"")\n\t\t\tobj = m"	spurious_correlation_results/human_annotation/full_code/test49/generated.go	spurious_correlation_results/human_annotation/full_code/test49/reference.go	spurious_correlation_results/human_annotation/full_code/test49/generated_completion.txt	spurious_correlation_results/human_annotation/full_code/test49/reference_completion.txt	spurious_correlation_results/human_annotation/full_code/test49/prompt.txt			
test49_t1809_s03	13	3	49	test49	1809	\tif	if	t	3	3	alti_saliency	1726	.(*	0.009368	 {\n \t \tif  m ,  ok  :=  obj [SOURCE:.(*] Mock );  ok  {  < M ID >	 are  returned <|im_end|> \n <|im_start|> assistant \n \t\t [TARGET:\tif]  ! m .Assert Expect ations (t )  {\n	"\n\t\t\tif !m.AssertExpectations(t) {\n\t\t\t\tt.Logf(""Expectations didn't match forMock: %+v"", reflect.TypeOf(m))\n\t\t\t\treturn false"	"\n\t\t\tt.Logf(""Deprecated mock.AssertExpectationsForObjects(myMock.Mock) use mock.AssertExpectationsForObjects(myMock)"")\n\t\t\tobj = m"	spurious_correlation_results/human_annotation/full_code/test49/generated.go	spurious_correlation_results/human_annotation/full_code/test49/reference.go	spurious_correlation_results/human_annotation/full_code/test49/generated_completion.txt	spurious_correlation_results/human_annotation/full_code/test49/reference_completion.txt	spurious_correlation_results/human_annotation/full_code/test49/prompt.txt			
test49_t1809_s04	13	4	49	test49	1809	\tif	if	t	4	4	alti_saliency	357	Mock	0.009357	\treturn  false \n }\n\n func  ( m  * [SOURCE:Mock] )  find Close st Call (method  string ,	 are  returned <|im_end|> \n <|im_start|> assistant \n \t\t [TARGET:\tif]  ! m .Assert Expect ations (t )  {\n	"\n\t\t\tif !m.AssertExpectations(t) {\n\t\t\t\tt.Logf(""Expectations didn't match forMock: %+v"", reflect.TypeOf(m))\n\t\t\t\treturn false"	"\n\t\t\tt.Logf(""Deprecated mock.AssertExpectationsForObjects(myMock.Mock) use mock.AssertExpectationsForObjects(myMock)"")\n\t\t\tobj = m"	spurious_correlation_results/human_annotation/full_code/test49/generated.go	spurious_correlation_results/human_annotation/full_code/test49/reference.go	spurious_correlation_results/human_annotation/full_code/test49/generated_completion.txt	spurious_correlation_results/human_annotation/full_code/test49/reference_completion.txt	spurious_correlation_results/human_annotation/full_code/test49/prompt.txt			
test49_t1809_s05	13	5	49	test49	1809	\tif	if	t	5	5	alti_saliency	353	func	0.008781	 true \n \t }\n \treturn  false \n }\n\n [SOURCE:func]  ( m  * Mock )  find Close st	 are  returned <|im_end|> \n <|im_start|> assistant \n \t\t [TARGET:\tif]  ! m .Assert Expect ations (t )  {\n	"\n\t\t\tif !m.AssertExpectations(t) {\n\t\t\t\tt.Logf(""Expectations didn't match forMock: %+v"", reflect.TypeOf(m))\n\t\t\t\treturn false"	"\n\t\t\tt.Logf(""Deprecated mock.AssertExpectationsForObjects(myMock.Mock) use mock.AssertExpectationsForObjects(myMock)"")\n\t\t\tobj = m"	spurious_correlation_results/human_annotation/full_code/test49/generated.go	spurious_correlation_results/human_annotation/full_code/test49/reference.go	spurious_correlation_results/human_annotation/full_code/test49/generated_completion.txt	spurious_correlation_results/human_annotation/full_code/test49/reference_completion.txt	spurious_correlation_results/human_annotation/full_code/test49/prompt.txt			
test49_t1809_s06	13	6	49	test49	1809	\tif	if	t	6	6	alti_saliency	1676	func	0.008518	 * ast .E ll ipsis ))  bool \n [SOURCE:func]  Assert Expect ations For Objects (t  Testing T	 are  returned <|im_end|> \n <|im_start|> assistant \n \t\t [TARGET:\tif]  ! m .Assert Expect ations (t )  {\n	"\n\t\t\tif !m.AssertExpectations(t) {\n\t\t\t\tt.Logf(""Expectations didn't match forMock: %+v"", reflect.TypeOf(m))\n\t\t\t\treturn false"	"\n\t\t\tt.Logf(""Deprecated mock.AssertExpectationsForObjects(myMock.Mock) use mock.AssertExpectationsForObjects(myMock)"")\n\t\t\tobj = m"	spurious_correlation_results/human_annotation/full_code/test49/generated.go	spurious_correlation_results/human_annotation/full_code/test49/reference.go	spurious_correlation_results/human_annotation/full_code/test49/generated_completion.txt	spurious_correlation_results/human_annotation/full_code/test49/reference_completion.txt	spurious_correlation_results/human_annotation/full_code/test49/prompt.txt			
test49_t1809_s07	13	7	49	test49	1809	\tif	if	t	7	7	alti_saliency	1727	Mock	0.008286	\t \tif  m ,  ok  :=  obj .(* [SOURCE:Mock] );  ok  {  < M ID >  \t	 are  returned <|im_end|> \n <|im_start|> assistant \n \t\t [TARGET:\tif]  ! m .Assert Expect ations (t )  {\n	"\n\t\t\tif !m.AssertExpectations(t) {\n\t\t\t\tt.Logf(""Expectations didn't match forMock: %+v"", reflect.TypeOf(m))\n\t\t\t\treturn false"	"\n\t\t\tt.Logf(""Deprecated mock.AssertExpectationsForObjects(myMock.Mock) use mock.AssertExpectationsForObjects(myMock)"")\n\t\t\tobj = m"	spurious_correlation_results/human_annotation/full_code/test49/generated.go	spurious_correlation_results/human_annotation/full_code/test49/reference.go	spurious_correlation_results/human_annotation/full_code/test49/generated_completion.txt	spurious_correlation_results/human_annotation/full_code/test49/reference_completion.txt	spurious_correlation_results/human_annotation/full_code/test49/prompt.txt			
test49_t1809_s08	13	8	49	test49	1809	\tif	if	t	8	8	alti_saliency	1655	 func	0.007539	 is  the  function  you  are  asked  to  complete [SOURCE: func]  Assert Expect ations For Objects (( t  Testing	 are  returned <|im_end|> \n <|im_start|> assistant \n \t\t [TARGET:\tif]  ! m .Assert Expect ations (t )  {\n	"\n\t\t\tif !m.AssertExpectations(t) {\n\t\t\t\tt.Logf(""Expectations didn't match forMock: %+v"", reflect.TypeOf(m))\n\t\t\t\treturn false"	"\n\t\t\tt.Logf(""Deprecated mock.AssertExpectationsForObjects(myMock.Mock) use mock.AssertExpectationsForObjects(myMock)"")\n\t\t\tobj = m"	spurious_correlation_results/human_annotation/full_code/test49/generated.go	spurious_correlation_results/human_annotation/full_code/test49/reference.go	spurious_correlation_results/human_annotation/full_code/test49/generated_completion.txt	spurious_correlation_results/human_annotation/full_code/test49/reference_completion.txt	spurious_correlation_results/human_annotation/full_code/test49/prompt.txt			
test49_t1809_s09	13	9	49	test49	1809	\tif	if	t	9	9	alti_saliency	1657	Expect	0.007421	 function  you  are  asked  to  complete  func  Assert [SOURCE:Expect] ations For Objects (( t  Testing T ,	 are  returned <|im_end|> \n <|im_start|> assistant \n \t\t [TARGET:\tif]  ! m .Assert Expect ations (t )  {\n	"\n\t\t\tif !m.AssertExpectations(t) {\n\t\t\t\tt.Logf(""Expectations didn't match forMock: %+v"", reflect.TypeOf(m))\n\t\t\t\treturn false"	"\n\t\t\tt.Logf(""Deprecated mock.AssertExpectationsForObjects(myMock.Mock) use mock.AssertExpectationsForObjects(myMock)"")\n\t\t\tobj = m"	spurious_correlation_results/human_annotation/full_code/test49/generated.go	spurious_correlation_results/human_annotation/full_code/test49/reference.go	spurious_correlation_results/human_annotation/full_code/test49/generated_completion.txt	spurious_correlation_results/human_annotation/full_code/test49/reference_completion.txt	spurious_correlation_results/human_annotation/full_code/test49/prompt.txt			
test49_t1809_s10	13	10	49	test49	1809	\tif	if	t	10	10	alti_saliency	1677	 Assert	0.006788	ast .E ll ipsis ))  bool \n func [SOURCE: Assert] Expect ations For Objects (t  Testing T ,	 are  returned <|im_end|> \n <|im_start|> assistant \n \t\t [TARGET:\tif]  ! m .Assert Expect ations (t )  {\n	"\n\t\t\tif !m.AssertExpectations(t) {\n\t\t\t\tt.Logf(""Expectations didn't match forMock: %+v"", reflect.TypeOf(m))\n\t\t\t\treturn false"	"\n\t\t\tt.Logf(""Deprecated mock.AssertExpectationsForObjects(myMock.Mock) use mock.AssertExpectationsForObjects(myMock)"")\n\t\t\tobj = m"	spurious_correlation_results/human_annotation/full_code/test49/generated.go	spurious_correlation_results/human_annotation/full_code/test49/reference.go	spurious_correlation_results/human_annotation/full_code/test49/generated_completion.txt	spurious_correlation_results/human_annotation/full_code/test49/reference_completion.txt	spurious_correlation_results/human_annotation/full_code/test49/prompt.txt			
test51_t1144_s01	14	1	51	test51	1144	\tb	b	invertedExpr	1	1	alti_saliency	473	Containing	0.006914	-  func  ( j  json False )  encode [SOURCE:Containing] In verted Index Sp ans (( b  *	>  are  returned <|im_end|> \n <|im_start|> assistant \n [TARGET:\tb]  =  encoding .Add JSON Path Ter min ator	\n\tb = encoding.AddJSONPathTerminator(b)\n\treturn [][]byte{encoding.EncodeFalseDescending(b)}, nil	\n\tinvertedExpr, err := encodeContainedInvertedIndexSpansFromLeaf(j, b, isRoot)\n\treturn invertedExpr, err	spurious_correlation_results/human_annotation/full_code/test51/generated.go	spurious_correlation_results/human_annotation/full_code/test51/reference.go	spurious_correlation_results/human_annotation/full_code/test51/generated_completion.txt	spurious_correlation_results/human_annotation/full_code/test51/reference_completion.txt	spurious_correlation_results/human_annotation/full_code/test51/prompt.txt			
test51_t1144_s02	14	2	51	test51	1144	\tb	b	invertedExpr	2	2	alti_saliency	69	roach	0.006425	 the  package  path : github .com / cock [SOURCE:roach] db / cock roach /pkg /util /json  Below	>  are  returned <|im_end|> \n <|im_start|> assistant \n [TARGET:\tb]  =  encoding .Add JSON Path Ter min ator	\n\tb = encoding.AddJSONPathTerminator(b)\n\treturn [][]byte{encoding.EncodeFalseDescending(b)}, nil	\n\tinvertedExpr, err := encodeContainedInvertedIndexSpansFromLeaf(j, b, isRoot)\n\treturn invertedExpr, err	spurious_correlation_results/human_annotation/full_code/test51/generated.go	spurious_correlation_results/human_annotation/full_code/test51/reference.go	spurious_correlation_results/human_annotation/full_code/test51/generated_completion.txt	spurious_correlation_results/human_annotation/full_code/test51/reference_completion.txt	spurious_correlation_results/human_annotation/full_code/test51/prompt.txt			
test51_t1144_s03	14	3	51	test51	1144	\tb	b	invertedExpr	3	3	alti_saliency	6	wen	0.006324	<|im_start|> system \n You  are  Q [SOURCE:wen] ,  created  by  Alibaba  Cloud .  You  are	>  are  returned <|im_end|> \n <|im_start|> assistant \n [TARGET:\tb]  =  encoding .Add JSON Path Ter min ator	\n\tb = encoding.AddJSONPathTerminator(b)\n\treturn [][]byte{encoding.EncodeFalseDescending(b)}, nil	\n\tinvertedExpr, err := encodeContainedInvertedIndexSpansFromLeaf(j, b, isRoot)\n\treturn invertedExpr, err	spurious_correlation_results/human_annotation/full_code/test51/generated.go	spurious_correlation_results/human_annotation/full_code/test51/reference.go	spurious_correlation_results/human_annotation/full_code/test51/generated_completion.txt	spurious_correlation_results/human_annotation/full_code/test51/reference_completion.txt	spurious_correlation_results/human_annotation/full_code/test51/prompt.txt			
test51_t1144_s04	14	4	51	test51	1144	\tb	b	invertedExpr	4	4	alti_saliency	498	.Expression	0.006058	 is Object Value  bool ))  (( in verted [SOURCE:.Expression] ,  error ))\n -  func  ( j  json	>  are  returned <|im_end|> \n <|im_start|> assistant \n [TARGET:\tb]  =  encoding .Add JSON Path Ter min ator	\n\tb = encoding.AddJSONPathTerminator(b)\n\treturn [][]byte{encoding.EncodeFalseDescending(b)}, nil	\n\tinvertedExpr, err := encodeContainedInvertedIndexSpansFromLeaf(j, b, isRoot)\n\treturn invertedExpr, err	spurious_correlation_results/human_annotation/full_code/test51/generated.go	spurious_correlation_results/human_annotation/full_code/test51/reference.go	spurious_correlation_results/human_annotation/full_code/test51/generated_completion.txt	spurious_correlation_results/human_annotation/full_code/test51/reference_completion.txt	spurious_correlation_results/human_annotation/full_code/test51/prompt.txt			
test51_t1144_s05	14	5	51	test51	1144	\tb	b	invertedExpr	5	5	alti_saliency	3	You	0.006012	<|im_start|> system \n [SOURCE:You]  are  Q wen ,  created  by  Alibaba  Cloud	>  are  returned <|im_end|> \n <|im_start|> assistant \n [TARGET:\tb]  =  encoding .Add JSON Path Ter min ator	\n\tb = encoding.AddJSONPathTerminator(b)\n\treturn [][]byte{encoding.EncodeFalseDescending(b)}, nil	\n\tinvertedExpr, err := encodeContainedInvertedIndexSpansFromLeaf(j, b, isRoot)\n\treturn invertedExpr, err	spurious_correlation_results/human_annotation/full_code/test51/generated.go	spurious_correlation_results/human_annotation/full_code/test51/reference.go	spurious_correlation_results/human_annotation/full_code/test51/generated_completion.txt	spurious_correlation_results/human_annotation/full_code/test51/reference_completion.txt	spurious_correlation_results/human_annotation/full_code/test51/prompt.txt			
test51_t1144_s06	14	6	51	test51	1144	\tb	b	invertedExpr	6	6	alti_saliency	447	 Encode	0.005927	 bool ))\n -  func  ( json False ) [SOURCE: Encode] In verted Index Keys (b  * ast .Array	>  are  returned <|im_end|> \n <|im_start|> assistant \n [TARGET:\tb]  =  encoding .Add JSON Path Ter min ator	\n\tb = encoding.AddJSONPathTerminator(b)\n\treturn [][]byte{encoding.EncodeFalseDescending(b)}, nil	\n\tinvertedExpr, err := encodeContainedInvertedIndexSpansFromLeaf(j, b, isRoot)\n\treturn invertedExpr, err	spurious_correlation_results/human_annotation/full_code/test51/generated.go	spurious_correlation_results/human_annotation/full_code/test51/reference.go	spurious_correlation_results/human_annotation/full_code/test51/generated_completion.txt	spurious_correlation_results/human_annotation/full_code/test51/reference_completion.txt	spurious_correlation_results/human_annotation/full_code/test51/prompt.txt			
test51_t1144_s07	14	7	51	test51	1144	\tb	b	invertedExpr	7	7	alti_saliency	925	 []	0.00588	True )  Encode In verted Index Keys (b [SOURCE: []] byte )  ( [][] byte ,  error )	>  are  returned <|im_end|> \n <|im_start|> assistant \n [TARGET:\tb]  =  encoding .Add JSON Path Ter min ator	\n\tb = encoding.AddJSONPathTerminator(b)\n\treturn [][]byte{encoding.EncodeFalseDescending(b)}, nil	\n\tinvertedExpr, err := encodeContainedInvertedIndexSpansFromLeaf(j, b, isRoot)\n\treturn invertedExpr, err	spurious_correlation_results/human_annotation/full_code/test51/generated.go	spurious_correlation_results/human_annotation/full_code/test51/reference.go	spurious_correlation_results/human_annotation/full_code/test51/generated_completion.txt	spurious_correlation_results/human_annotation/full_code/test51/reference_completion.txt	spurious_correlation_results/human_annotation/full_code/test51/prompt.txt			
test51_t1144_s08	14	8	51	test51	1144	\tb	b	invertedExpr	8	8	alti_saliency	73	roach	0.005846	github .com / cock roach db / cock [SOURCE:roach] /pkg /util /json  Below  is  the  code  repository	>  are  returned <|im_end|> \n <|im_start|> assistant \n [TARGET:\tb]  =  encoding .Add JSON Path Ter min ator	\n\tb = encoding.AddJSONPathTerminator(b)\n\treturn [][]byte{encoding.EncodeFalseDescending(b)}, nil	\n\tinvertedExpr, err := encodeContainedInvertedIndexSpansFromLeaf(j, b, isRoot)\n\treturn invertedExpr, err	spurious_correlation_results/human_annotation/full_code/test51/generated.go	spurious_correlation_results/human_annotation/full_code/test51/reference.go	spurious_correlation_results/human_annotation/full_code/test51/generated_completion.txt	spurious_correlation_results/human_annotation/full_code/test51/reference_completion.txt	spurious_correlation_results/human_annotation/full_code/test51/prompt.txt			
test51_t1144_s09	14	9	51	test51	1144	\tb	b	invertedExpr	9	9	alti_saliency	935	\tb	0.005514	)  ( [][] byte ,  error )  {\n [SOURCE:\tb]  =  encoding .Add JSON Path Ter min ator	>  are  returned <|im_end|> \n <|im_start|> assistant \n [TARGET:\tb]  =  encoding .Add JSON Path Ter min ator	\n\tb = encoding.AddJSONPathTerminator(b)\n\treturn [][]byte{encoding.EncodeFalseDescending(b)}, nil	\n\tinvertedExpr, err := encodeContainedInvertedIndexSpansFromLeaf(j, b, isRoot)\n\treturn invertedExpr, err	spurious_correlation_results/human_annotation/full_code/test51/generated.go	spurious_correlation_results/human_annotation/full_code/test51/reference.go	spurious_correlation_results/human_annotation/full_code/test51/generated_completion.txt	spurious_correlation_results/human_annotation/full_code/test51/reference_completion.txt	spurious_correlation_results/human_annotation/full_code/test51/prompt.txt			
test51_t1144_s10	14	10	51	test51	1144	\tb	b	invertedExpr	10	10	alti_saliency	307	 func	0.005457	 json False  struct {}\n\n //  Methods :\n - [SOURCE: func]  ( json False )  Type ()  Type \n	>  are  returned <|im_end|> \n <|im_start|> assistant \n [TARGET:\tb]  =  encoding .Add JSON Path Ter min ator	\n\tb = encoding.AddJSONPathTerminator(b)\n\treturn [][]byte{encoding.EncodeFalseDescending(b)}, nil	\n\tinvertedExpr, err := encodeContainedInvertedIndexSpansFromLeaf(j, b, isRoot)\n\treturn invertedExpr, err	spurious_correlation_results/human_annotation/full_code/test51/generated.go	spurious_correlation_results/human_annotation/full_code/test51/reference.go	spurious_correlation_results/human_annotation/full_code/test51/generated_completion.txt	spurious_correlation_results/human_annotation/full_code/test51/reference_completion.txt	spurious_correlation_results/human_annotation/full_code/test51/prompt.txt			
test53_t555_s01	15	1	53	test53	555	comp	compType	return	1	1	alti_saliency	195	func	0.024693	Type )  (( typed Value ,  error ))\n [SOURCE:func]  make Comparable Value (val  interface {})  ( typed	 returned <|im_end|> \n <|im_start|> assistant \n \t \t [TARGET:comp] Type  :=  get Comparable Type (typ )\n \t	\n\t\tcompType := getComparableType(typ)\n\t\treturn typedValue{\n\t\t\ttyp:   reflect.PointerTo(compType),\n\t\t\tvalue: val,\n\t\t	\n\t\treturn typedValue{\n\t\t\ttyp:   reflectTypeType,\n\t\t\tvalue: typ,\n\t\t}, nil	spurious_correlation_results/human_annotation/full_code/test53/generated.go	spurious_correlation_results/human_annotation/full_code/test53/reference.go	spurious_correlation_results/human_annotation/full_code/test53/generated_completion.txt	spurious_correlation_results/human_annotation/full_code/test53/reference_completion.txt	spurious_correlation_results/human_annotation/full_code/test53/prompt.txt			
test53_t555_s02	15	2	53	test53	555	comp	compType	return	2	2	alti_saliency	181	Comparable	0.016046	 function  you  are  asked  to  complete  func  make [SOURCE:Comparable] Value (val  * ast .Interface Type )  ((	 returned <|im_end|> \n <|im_start|> assistant \n \t \t [TARGET:comp] Type  :=  get Comparable Type (typ )\n \t	\n\t\tcompType := getComparableType(typ)\n\t\treturn typedValue{\n\t\t\ttyp:   reflect.PointerTo(compType),\n\t\t\tvalue: val,\n\t\t	\n\t\treturn typedValue{\n\t\t\ttyp:   reflectTypeType,\n\t\t\tvalue: typ,\n\t\t}, nil	spurious_correlation_results/human_annotation/full_code/test53/generated.go	spurious_correlation_results/human_annotation/full_code/test53/reference.go	spurious_correlation_results/human_annotation/full_code/test53/generated_completion.txt	spurious_correlation_results/human_annotation/full_code/test53/reference_completion.txt	spurious_correlation_results/human_annotation/full_code/test53/prompt.txt			
test53_t555_s03	15	3	53	test53	555	comp	compType	return	3	3	alti_saliency	217	reflect	0.014664	\tif  typ ,  is Type  :=  val .( [SOURCE:reflect] .Type );  is Type  {  < M ID	 returned <|im_end|> \n <|im_start|> assistant \n \t \t [TARGET:comp] Type  :=  get Comparable Type (typ )\n \t	\n\t\tcompType := getComparableType(typ)\n\t\treturn typedValue{\n\t\t\ttyp:   reflect.PointerTo(compType),\n\t\t\tvalue: val,\n\t\t	\n\t\treturn typedValue{\n\t\t\ttyp:   reflectTypeType,\n\t\t\tvalue: typ,\n\t\t}, nil	spurious_correlation_results/human_annotation/full_code/test53/generated.go	spurious_correlation_results/human_annotation/full_code/test53/reference.go	spurious_correlation_results/human_annotation/full_code/test53/generated_completion.txt	spurious_correlation_results/human_annotation/full_code/test53/reference_completion.txt	spurious_correlation_results/human_annotation/full_code/test53/prompt.txt			
test53_t555_s04	15	4	53	test53	555	comp	compType	return	4	4	alti_saliency	105	reflect	0.013664	"/  Below  is  the  imported  package  path  "" [SOURCE:reflect] "";  "" github .com / cock roach db"	 returned <|im_end|> \n <|im_start|> assistant \n \t \t [TARGET:comp] Type  :=  get Comparable Type (typ )\n \t	\n\t\tcompType := getComparableType(typ)\n\t\treturn typedValue{\n\t\t\ttyp:   reflect.PointerTo(compType),\n\t\t\tvalue: val,\n\t\t	\n\t\treturn typedValue{\n\t\t\ttyp:   reflectTypeType,\n\t\t\tvalue: typ,\n\t\t}, nil	spurious_correlation_results/human_annotation/full_code/test53/generated.go	spurious_correlation_results/human_annotation/full_code/test53/reference.go	spurious_correlation_results/human_annotation/full_code/test53/generated_completion.txt	spurious_correlation_results/human_annotation/full_code/test53/reference_completion.txt	spurious_correlation_results/human_annotation/full_code/test53/prompt.txt			
test53_t555_s05	15	5	53	test53	555	comp	compType	return	5	5	alti_saliency	179	 func	0.013285	 is  the  function  you  are  asked  to  complete [SOURCE: func]  make Comparable Value (val  * ast .Interface Type	 returned <|im_end|> \n <|im_start|> assistant \n \t \t [TARGET:comp] Type  :=  get Comparable Type (typ )\n \t	\n\t\tcompType := getComparableType(typ)\n\t\treturn typedValue{\n\t\t\ttyp:   reflect.PointerTo(compType),\n\t\t\tvalue: val,\n\t\t	\n\t\treturn typedValue{\n\t\t\ttyp:   reflectTypeType,\n\t\t\tvalue: typ,\n\t\t}, nil	spurious_correlation_results/human_annotation/full_code/test53/generated.go	spurious_correlation_results/human_annotation/full_code/test53/reference.go	spurious_correlation_results/human_annotation/full_code/test53/generated_completion.txt	spurious_correlation_results/human_annotation/full_code/test53/reference_completion.txt	spurious_correlation_results/human_annotation/full_code/test53/prompt.txt			
test53_t555_s06	15	6	53	test53	555	comp	compType	return	6	6	alti_saliency	214	 :=	0.013174	 error )  {\n \tif  typ ,  is Type [SOURCE: :=]  val .( reflect .Type );  is Type  {	 returned <|im_end|> \n <|im_start|> assistant \n \t \t [TARGET:comp] Type  :=  get Comparable Type (typ )\n \t	\n\t\tcompType := getComparableType(typ)\n\t\treturn typedValue{\n\t\t\ttyp:   reflect.PointerTo(compType),\n\t\t\tvalue: val,\n\t\t	\n\t\treturn typedValue{\n\t\t\ttyp:   reflectTypeType,\n\t\t\tvalue: typ,\n\t\t}, nil	spurious_correlation_results/human_annotation/full_code/test53/generated.go	spurious_correlation_results/human_annotation/full_code/test53/reference.go	spurious_correlation_results/human_annotation/full_code/test53/generated_completion.txt	spurious_correlation_results/human_annotation/full_code/test53/reference_completion.txt	spurious_correlation_results/human_annotation/full_code/test53/prompt.txt			
test53_t555_s07	15	7	53	test53	555	comp	compType	return	7	7	alti_saliency	218	.Type	0.012371	 typ ,  is Type  :=  val .( reflect [SOURCE:.Type] );  is Type  {  < M ID >	 returned <|im_end|> \n <|im_start|> assistant \n \t \t [TARGET:comp] Type  :=  get Comparable Type (typ )\n \t	\n\t\tcompType := getComparableType(typ)\n\t\treturn typedValue{\n\t\t\ttyp:   reflect.PointerTo(compType),\n\t\t\tvalue: val,\n\t\t	\n\t\treturn typedValue{\n\t\t\ttyp:   reflectTypeType,\n\t\t\tvalue: typ,\n\t\t}, nil	spurious_correlation_results/human_annotation/full_code/test53/generated.go	spurious_correlation_results/human_annotation/full_code/test53/reference.go	spurious_correlation_results/human_annotation/full_code/test53/generated_completion.txt	spurious_correlation_results/human_annotation/full_code/test53/reference_completion.txt	spurious_correlation_results/human_annotation/full_code/test53/prompt.txt			
test53_t555_s08	15	8	53	test53	555	comp	compType	return	8	8	alti_saliency	209	\tif	0.011526	{})  ( typed Value ,  error )  {\n [SOURCE:\tif]  typ ,  is Type  :=  val .( reflect	 returned <|im_end|> \n <|im_start|> assistant \n \t \t [TARGET:comp] Type  :=  get Comparable Type (typ )\n \t	\n\t\tcompType := getComparableType(typ)\n\t\treturn typedValue{\n\t\t\ttyp:   reflect.PointerTo(compType),\n\t\t\tvalue: val,\n\t\t	\n\t\treturn typedValue{\n\t\t\ttyp:   reflectTypeType,\n\t\t\tvalue: typ,\n\t\t}, nil	spurious_correlation_results/human_annotation/full_code/test53/generated.go	spurious_correlation_results/human_annotation/full_code/test53/reference.go	spurious_correlation_results/human_annotation/full_code/test53/generated_completion.txt	spurious_correlation_results/human_annotation/full_code/test53/reference_completion.txt	spurious_correlation_results/human_annotation/full_code/test53/prompt.txt			
test53_t555_s09	15	9	53	test53	555	comp	compType	return	9	9	alti_saliency	155	typed	0.010552	 or  not  exist  of  the  function  is  ( [SOURCE:typed] Value ,  error )  The  code  snippets  before	 returned <|im_end|> \n <|im_start|> assistant \n \t \t [TARGET:comp] Type  :=  get Comparable Type (typ )\n \t	\n\t\tcompType := getComparableType(typ)\n\t\treturn typedValue{\n\t\t\ttyp:   reflect.PointerTo(compType),\n\t\t\tvalue: val,\n\t\t	\n\t\treturn typedValue{\n\t\t\ttyp:   reflectTypeType,\n\t\t\tvalue: typ,\n\t\t}, nil	spurious_correlation_results/human_annotation/full_code/test53/generated.go	spurious_correlation_results/human_annotation/full_code/test53/reference.go	spurious_correlation_results/human_annotation/full_code/test53/generated_completion.txt	spurious_correlation_results/human_annotation/full_code/test53/reference_completion.txt	spurious_correlation_results/human_annotation/full_code/test53/prompt.txt			
test53_t555_s10	15	10	53	test53	555	comp	compType	return	10	10	alti_saliency	210	 typ	0.009821	 ( typed Value ,  error )  {\n \tif [SOURCE: typ] ,  is Type  :=  val .( reflect .Type	 returned <|im_end|> \n <|im_start|> assistant \n \t \t [TARGET:comp] Type  :=  get Comparable Type (typ )\n \t	\n\t\tcompType := getComparableType(typ)\n\t\treturn typedValue{\n\t\t\ttyp:   reflect.PointerTo(compType),\n\t\t\tvalue: val,\n\t\t	\n\t\treturn typedValue{\n\t\t\ttyp:   reflectTypeType,\n\t\t\tvalue: typ,\n\t\t}, nil	spurious_correlation_results/human_annotation/full_code/test53/generated.go	spurious_correlation_results/human_annotation/full_code/test53/reference.go	spurious_correlation_results/human_annotation/full_code/test53/generated_completion.txt	spurious_correlation_results/human_annotation/full_code/test53/reference_completion.txt	spurious_correlation_results/human_annotation/full_code/test53/prompt.txt			
test55_t477_s01	16	1	55	test55	477	If	If	A	1	1	alti_saliency	258	cobra	0.01632	"()  * cobra .Command  {\n \tcmd  :=  & [SOURCE:cobra] .Command {\n \t \tUse :     "" txn"	>  are  returned <|im_end|> \n <|im_start|> assistant \n [TARGET:If]  -- interactive  option  is  used ,  the  user	"\nIf --interactive option is used, the user can compare keys using the greater than operator "">'.  The format for such a comparison is\n\n    mod(""key"	\nA transaction consists of three components:\n1) a list of conditions,\n2) a list of requests to apply if all the conditions are true,\n3) a list of requests to apply if any condition is false.	spurious_correlation_results/human_annotation/full_code/test55/generated.go	spurious_correlation_results/human_annotation/full_code/test55/reference.go	spurious_correlation_results/human_annotation/full_code/test55/generated_completion.txt	spurious_correlation_results/human_annotation/full_code/test55/reference_completion.txt	spurious_correlation_results/human_annotation/full_code/test55/prompt.txt			
test55_t477_s02	16	2	55	test55	477	If	If	A	2	2	alti_saliency	266	txn	0.014602	"cobra .Command {\n \t \tUse :     "" [SOURCE:txn]  [ options ]"",\n \t \t Short :  """	>  are  returned <|im_end|> \n <|im_start|> assistant \n [TARGET:If]  -- interactive  option  is  used ,  the  user	"\nIf --interactive option is used, the user can compare keys using the greater than operator "">'.  The format for such a comparison is\n\n    mod(""key"	\nA transaction consists of three components:\n1) a list of conditions,\n2) a list of requests to apply if all the conditions are true,\n3) a list of requests to apply if any condition is false.	spurious_correlation_results/human_annotation/full_code/test55/generated.go	spurious_correlation_results/human_annotation/full_code/test55/reference.go	spurious_correlation_results/human_annotation/full_code/test55/generated_completion.txt	spurious_correlation_results/human_annotation/full_code/test55/reference_completion.txt	spurious_correlation_results/human_annotation/full_code/test55/prompt.txt			
test55_t477_s03	16	3	55	test55	477	If	If	A	3	3	alti_saliency	245	func	0.014273	Tx n Command ()  * cobra .Command \n [SOURCE:func]  New Tx n Command ()  * cobra .Command	>  are  returned <|im_end|> \n <|im_start|> assistant \n [TARGET:If]  -- interactive  option  is  used ,  the  user	"\nIf --interactive option is used, the user can compare keys using the greater than operator "">'.  The format for such a comparison is\n\n    mod(""key"	\nA transaction consists of three components:\n1) a list of conditions,\n2) a list of requests to apply if all the conditions are true,\n3) a list of requests to apply if any condition is false.	spurious_correlation_results/human_annotation/full_code/test55/generated.go	spurious_correlation_results/human_annotation/full_code/test55/reference.go	spurious_correlation_results/human_annotation/full_code/test55/generated_completion.txt	spurious_correlation_results/human_annotation/full_code/test55/reference_completion.txt	spurious_correlation_results/human_annotation/full_code/test55/prompt.txt			
test55_t477_s04	16	4	55	test55	477	If	If	A	4	4	alti_saliency	237	Tx	0.013132	 function  you  are  asked  to  complete  func  New [SOURCE:Tx] n Command ()  * cobra .Command \n func	>  are  returned <|im_end|> \n <|im_start|> assistant \n [TARGET:If]  -- interactive  option  is  used ,  the  user	"\nIf --interactive option is used, the user can compare keys using the greater than operator "">'.  The format for such a comparison is\n\n    mod(""key"	\nA transaction consists of three components:\n1) a list of conditions,\n2) a list of requests to apply if all the conditions are true,\n3) a list of requests to apply if any condition is false.	spurious_correlation_results/human_annotation/full_code/test55/generated.go	spurious_correlation_results/human_annotation/full_code/test55/reference.go	spurious_correlation_results/human_annotation/full_code/test55/generated_completion.txt	spurious_correlation_results/human_annotation/full_code/test55/reference_completion.txt	spurious_correlation_results/human_annotation/full_code/test55/prompt.txt			
test55_t477_s05	16	5	55	test55	477	If	If	A	5	5	alti_saliency	69	cd	0.013081	 the  package  path : github .com / et [SOURCE:cd] -io / et cd / et cd ctl	>  are  returned <|im_end|> \n <|im_start|> assistant \n [TARGET:If]  -- interactive  option  is  used ,  the  user	"\nIf --interactive option is used, the user can compare keys using the greater than operator "">'.  The format for such a comparison is\n\n    mod(""key"	\nA transaction consists of three components:\n1) a list of conditions,\n2) a list of requests to apply if all the conditions are true,\n3) a list of requests to apply if any condition is false.	spurious_correlation_results/human_annotation/full_code/test55/generated.go	spurious_correlation_results/human_annotation/full_code/test55/reference.go	spurious_correlation_results/human_annotation/full_code/test55/generated_completion.txt	spurious_correlation_results/human_annotation/full_code/test55/reference_completion.txt	spurious_correlation_results/human_annotation/full_code/test55/prompt.txt			
test55_t477_s06	16	6	55	test55	477	If	If	A	6	6	alti_saliency	313	Example	0.011877	 atomic  transaction .\n  < M ID >  \n [SOURCE:Example]  interactive  stdin  usage :\n\n ---\n et cd ctl	>  are  returned <|im_end|> \n <|im_start|> assistant \n [TARGET:If]  -- interactive  option  is  used ,  the  user	"\nIf --interactive option is used, the user can compare keys using the greater than operator "">'.  The format for such a comparison is\n\n    mod(""key"	\nA transaction consists of three components:\n1) a list of conditions,\n2) a list of requests to apply if all the conditions are true,\n3) a list of requests to apply if any condition is false.	spurious_correlation_results/human_annotation/full_code/test55/generated.go	spurious_correlation_results/human_annotation/full_code/test55/reference.go	spurious_correlation_results/human_annotation/full_code/test55/generated_completion.txt	spurious_correlation_results/human_annotation/full_code/test55/reference_completion.txt	spurious_correlation_results/human_annotation/full_code/test55/prompt.txt			
test55_t477_s07	16	7	55	test55	477	If	If	A	7	7	alti_saliency	309	M	0.01135	 them  as  a  single  atomic  transaction .\n  < [SOURCE:M] ID >  \n Example  interactive  stdin  usage :\n\n	>  are  returned <|im_end|> \n <|im_start|> assistant \n [TARGET:If]  -- interactive  option  is  used ,  the  user	"\nIf --interactive option is used, the user can compare keys using the greater than operator "">'.  The format for such a comparison is\n\n    mod(""key"	\nA transaction consists of three components:\n1) a list of conditions,\n2) a list of requests to apply if all the conditions are true,\n3) a list of requests to apply if any condition is false.	spurious_correlation_results/human_annotation/full_code/test55/generated.go	spurious_correlation_results/human_annotation/full_code/test55/reference.go	spurious_correlation_results/human_annotation/full_code/test55/generated_completion.txt	spurious_correlation_results/human_annotation/full_code/test55/reference_completion.txt	spurious_correlation_results/human_annotation/full_code/test55/prompt.txt			
test55_t477_s08	16	8	55	test55	477	If	If	A	8	8	alti_saliency	131	obra	0.011343	" "" github .com /sp f 1 3 /c [SOURCE:obra] "";  "" go .et cd .io / et"	>  are  returned <|im_end|> \n <|im_start|> assistant \n [TARGET:If]  -- interactive  option  is  used ,  the  user	"\nIf --interactive option is used, the user can compare keys using the greater than operator "">'.  The format for such a comparison is\n\n    mod(""key"	\nA transaction consists of three components:\n1) a list of conditions,\n2) a list of requests to apply if all the conditions are true,\n3) a list of requests to apply if any condition is false.	spurious_correlation_results/human_annotation/full_code/test55/generated.go	spurious_correlation_results/human_annotation/full_code/test55/reference.go	spurious_correlation_results/human_annotation/full_code/test55/generated_completion.txt	spurious_correlation_results/human_annotation/full_code/test55/reference_completion.txt	spurious_correlation_results/human_annotation/full_code/test55/prompt.txt			
test55_t477_s09	16	9	55	test55	477	If	If	A	9	9	alti_saliency	286	\tLong	0.010994	" all  the  requests  in  one  transaction "",\n \t [SOURCE:\tLong] :  ` Tx n  reads  multiple  et cd"	>  are  returned <|im_end|> \n <|im_start|> assistant \n [TARGET:If]  -- interactive  option  is  used ,  the  user	"\nIf --interactive option is used, the user can compare keys using the greater than operator "">'.  The format for such a comparison is\n\n    mod(""key"	\nA transaction consists of three components:\n1) a list of conditions,\n2) a list of requests to apply if all the conditions are true,\n3) a list of requests to apply if any condition is false.	spurious_correlation_results/human_annotation/full_code/test55/generated.go	spurious_correlation_results/human_annotation/full_code/test55/reference.go	spurious_correlation_results/human_annotation/full_code/test55/generated_completion.txt	spurious_correlation_results/human_annotation/full_code/test55/reference_completion.txt	spurious_correlation_results/human_annotation/full_code/test55/prompt.txt			
test55_t477_s10	16	10	55	test55	477	If	If	A	10	10	alti_saliency	235	 func	0.0109	 is  the  function  you  are  asked  to  complete [SOURCE: func]  New Tx n Command ()  * cobra .Command	>  are  returned <|im_end|> \n <|im_start|> assistant \n [TARGET:If]  -- interactive  option  is  used ,  the  user	"\nIf --interactive option is used, the user can compare keys using the greater than operator "">'.  The format for such a comparison is\n\n    mod(""key"	\nA transaction consists of three components:\n1) a list of conditions,\n2) a list of requests to apply if all the conditions are true,\n3) a list of requests to apply if any condition is false.	spurious_correlation_results/human_annotation/full_code/test55/generated.go	spurious_correlation_results/human_annotation/full_code/test55/reference.go	spurious_correlation_results/human_annotation/full_code/test55/generated_completion.txt	spurious_correlation_results/human_annotation/full_code/test55/reference_completion.txt	spurious_correlation_results/human_annotation/full_code/test55/prompt.txt			
test57_t1794_s01	17	1	57	test57	1794	\tt	t	disabledAt	1	1	alti_saliency	1604	func	0.007378	(des ired Sh ards  int )  bool \n [SOURCE:func]  ( t  * Queue Manager )  should Res	" are  returned <|im_end|> \n <|im_start|> assistant \n \t [TARGET:\tt] .logger .Warn ("" Skipping  res hard ing ,"	"\n\t\tt.logger.Warn(""Skipping resharding, disabled until"", ""disableTimestamp"", disableTimestamp)\n\t\treturn false"	"\n\t\tdisabledAt := time.Unix(t.reshardDisableStartTimestamp.Load(), 0)\n\t\tdisabledFor := time.Until(time.Unix(disableTimestamp, 0))\n\n\t\tt.logger.Warn(""Skipping resharding, resharding is disabled while waiting for recoverable errors"", ""disabled_at"", disabledAt, ""disabled_for"", disabledFor)\n\t\treturn false"	spurious_correlation_results/human_annotation/full_code/test57/generated.go	spurious_correlation_results/human_annotation/full_code/test57/reference.go	spurious_correlation_results/human_annotation/full_code/test57/generated_completion.txt	spurious_correlation_results/human_annotation/full_code/test57/reference_completion.txt	spurious_correlation_results/human_annotation/full_code/test57/prompt.txt			
test57_t1794_s02	17	2	57	test57	1794	\tt	t	disabledAt	2	2	alti_saliency	1704	.logger	0.006545	"s  <  min Send Timestamp  {\n \t \tt [SOURCE:.logger] .Warn ("" Skipping  res hard ing ,  last"	" are  returned <|im_end|> \n <|im_start|> assistant \n \t [TARGET:\tt] .logger .Warn ("" Skipping  res hard ing ,"	"\n\t\tt.logger.Warn(""Skipping resharding, disabled until"", ""disableTimestamp"", disableTimestamp)\n\t\treturn false"	"\n\t\tdisabledAt := time.Unix(t.reshardDisableStartTimestamp.Load(), 0)\n\t\tdisabledFor := time.Until(time.Unix(disableTimestamp, 0))\n\n\t\tt.logger.Warn(""Skipping resharding, resharding is disabled while waiting for recoverable errors"", ""disabled_at"", disabledAt, ""disabled_for"", disabledFor)\n\t\treturn false"	spurious_correlation_results/human_annotation/full_code/test57/generated.go	spurious_correlation_results/human_annotation/full_code/test57/reference.go	spurious_correlation_results/human_annotation/full_code/test57/generated_completion.txt	spurious_correlation_results/human_annotation/full_code/test57/reference_completion.txt	spurious_correlation_results/human_annotation/full_code/test57/prompt.txt			
test57_t1794_s03	17	3	57	test57	1794	\tt	t	disabledAt	3	3	alti_saliency	1509	.logger	0.006383	"Chan  <-  desired Sh ards :\n \t\t\t \tt [SOURCE:.logger] .Info ("" Remote  storage  res hard ing "","	" are  returned <|im_end|> \n <|im_start|> assistant \n \t [TARGET:\tt] .logger .Warn ("" Skipping  res hard ing ,"	"\n\t\tt.logger.Warn(""Skipping resharding, disabled until"", ""disableTimestamp"", disableTimestamp)\n\t\treturn false"	"\n\t\tdisabledAt := time.Unix(t.reshardDisableStartTimestamp.Load(), 0)\n\t\tdisabledFor := time.Until(time.Unix(disableTimestamp, 0))\n\n\t\tt.logger.Warn(""Skipping resharding, resharding is disabled while waiting for recoverable errors"", ""disabled_at"", disabledAt, ""disabled_for"", disabledFor)\n\t\treturn false"	spurious_correlation_results/human_annotation/full_code/test57/generated.go	spurious_correlation_results/human_annotation/full_code/test57/reference.go	spurious_correlation_results/human_annotation/full_code/test57/generated_completion.txt	spurious_correlation_results/human_annotation/full_code/test57/reference_completion.txt	spurious_correlation_results/human_annotation/full_code/test57/prompt.txt			
test57_t1794_s04	17	4	57	test57	1794	\tt	t	disabledAt	4	4	alti_saliency	1743	 disable	0.006273	)\n \t \treturn  false \n \t }\n \tif [SOURCE: disable] Timestamp  :=  t . resh ard Disable End	" are  returned <|im_end|> \n <|im_start|> assistant \n \t [TARGET:\tt] .logger .Warn ("" Skipping  res hard ing ,"	"\n\t\tt.logger.Warn(""Skipping resharding, disabled until"", ""disableTimestamp"", disableTimestamp)\n\t\treturn false"	"\n\t\tdisabledAt := time.Unix(t.reshardDisableStartTimestamp.Load(), 0)\n\t\tdisabledFor := time.Until(time.Unix(disableTimestamp, 0))\n\n\t\tt.logger.Warn(""Skipping resharding, resharding is disabled while waiting for recoverable errors"", ""disabled_at"", disabledAt, ""disabled_for"", disabledFor)\n\t\treturn false"	spurious_correlation_results/human_annotation/full_code/test57/generated.go	spurious_correlation_results/human_annotation/full_code/test57/reference.go	spurious_correlation_results/human_annotation/full_code/test57/generated_completion.txt	spurious_correlation_results/human_annotation/full_code/test57/reference_completion.txt	spurious_correlation_results/human_annotation/full_code/test57/prompt.txt			
test57_t1794_s05	17	5	57	test57	1794	\tt	t	disabledAt	5	5	alti_saliency	421	Disable	0.006251	 atomic .Int 6 4 \n \t resh ard [SOURCE:Disable] Start Timestamp  atomic .Int 6 4  //  Time	" are  returned <|im_end|> \n <|im_start|> assistant \n \t [TARGET:\tt] .logger .Warn ("" Skipping  res hard ing ,"	"\n\t\tt.logger.Warn(""Skipping resharding, disabled until"", ""disableTimestamp"", disableTimestamp)\n\t\treturn false"	"\n\t\tdisabledAt := time.Unix(t.reshardDisableStartTimestamp.Load(), 0)\n\t\tdisabledFor := time.Until(time.Unix(disableTimestamp, 0))\n\n\t\tt.logger.Warn(""Skipping resharding, resharding is disabled while waiting for recoverable errors"", ""disabled_at"", disabledAt, ""disabled_for"", disabledFor)\n\t\treturn false"	spurious_correlation_results/human_annotation/full_code/test57/generated.go	spurious_correlation_results/human_annotation/full_code/test57/reference.go	spurious_correlation_results/human_annotation/full_code/test57/generated_completion.txt	spurious_correlation_results/human_annotation/full_code/test57/reference_completion.txt	spurious_correlation_results/human_annotation/full_code/test57/prompt.txt			
test57_t1794_s06	17	6	57	test57	1794	\tt	t	disabledAt	6	6	alti_saliency	6	wen	0.005883	<|im_start|> system \n You  are  Q [SOURCE:wen] ,  created  by  Alibaba  Cloud .  You  are	" are  returned <|im_end|> \n <|im_start|> assistant \n \t [TARGET:\tt] .logger .Warn ("" Skipping  res hard ing ,"	"\n\t\tt.logger.Warn(""Skipping resharding, disabled until"", ""disableTimestamp"", disableTimestamp)\n\t\treturn false"	"\n\t\tdisabledAt := time.Unix(t.reshardDisableStartTimestamp.Load(), 0)\n\t\tdisabledFor := time.Until(time.Unix(disableTimestamp, 0))\n\n\t\tt.logger.Warn(""Skipping resharding, resharding is disabled while waiting for recoverable errors"", ""disabled_at"", disabledAt, ""disabled_for"", disabledFor)\n\t\treturn false"	spurious_correlation_results/human_annotation/full_code/test57/generated.go	spurious_correlation_results/human_annotation/full_code/test57/reference.go	spurious_correlation_results/human_annotation/full_code/test57/generated_completion.txt	spurious_correlation_results/human_annotation/full_code/test57/reference_completion.txt	spurious_correlation_results/human_annotation/full_code/test57/prompt.txt			
test57_t1794_s07	17	7	57	test57	1794	\tt	t	disabledAt	7	7	alti_saliency	3	You	0.005544	<|im_start|> system \n [SOURCE:You]  are  Q wen ,  created  by  Alibaba  Cloud	" are  returned <|im_end|> \n <|im_start|> assistant \n \t [TARGET:\tt] .logger .Warn ("" Skipping  res hard ing ,"	"\n\t\tt.logger.Warn(""Skipping resharding, disabled until"", ""disableTimestamp"", disableTimestamp)\n\t\treturn false"	"\n\t\tdisabledAt := time.Unix(t.reshardDisableStartTimestamp.Load(), 0)\n\t\tdisabledFor := time.Until(time.Unix(disableTimestamp, 0))\n\n\t\tt.logger.Warn(""Skipping resharding, resharding is disabled while waiting for recoverable errors"", ""disabled_at"", disabledAt, ""disabled_for"", disabledFor)\n\t\treturn false"	spurious_correlation_results/human_annotation/full_code/test57/generated.go	spurious_correlation_results/human_annotation/full_code/test57/reference.go	spurious_correlation_results/human_annotation/full_code/test57/generated_completion.txt	spurious_correlation_results/human_annotation/full_code/test57/reference_completion.txt	spurious_correlation_results/human_annotation/full_code/test57/prompt.txt			
test57_t1794_s08	17	8	57	test57	1794	\tt	t	disabledAt	8	8	alti_saliency	1750	Disable	0.004881	\tif  disable Timestamp  :=  t . resh ard [SOURCE:Disable] End Timestamp .Load ();  time .Now (). Unix	" are  returned <|im_end|> \n <|im_start|> assistant \n \t [TARGET:\tt] .logger .Warn ("" Skipping  res hard ing ,"	"\n\t\tt.logger.Warn(""Skipping resharding, disabled until"", ""disableTimestamp"", disableTimestamp)\n\t\treturn false"	"\n\t\tdisabledAt := time.Unix(t.reshardDisableStartTimestamp.Load(), 0)\n\t\tdisabledFor := time.Until(time.Unix(disableTimestamp, 0))\n\n\t\tt.logger.Warn(""Skipping resharding, resharding is disabled while waiting for recoverable errors"", ""disabled_at"", disabledAt, ""disabled_for"", disabledFor)\n\t\treturn false"	spurious_correlation_results/human_annotation/full_code/test57/generated.go	spurious_correlation_results/human_annotation/full_code/test57/reference.go	spurious_correlation_results/human_annotation/full_code/test57/generated_completion.txt	spurious_correlation_results/human_annotation/full_code/test57/reference_completion.txt	spurious_correlation_results/human_annotation/full_code/test57/prompt.txt			
test57_t1794_s09	17	9	57	test57	1794	\tt	t	disabledAt	9	9	alti_saliency	1742	\tif	0.004768	Timestamp )\n \t \treturn  false \n \t }\n [SOURCE:\tif]  disable Timestamp  :=  t . resh ard Disable	" are  returned <|im_end|> \n <|im_start|> assistant \n \t [TARGET:\tt] .logger .Warn ("" Skipping  res hard ing ,"	"\n\t\tt.logger.Warn(""Skipping resharding, disabled until"", ""disableTimestamp"", disableTimestamp)\n\t\treturn false"	"\n\t\tdisabledAt := time.Unix(t.reshardDisableStartTimestamp.Load(), 0)\n\t\tdisabledFor := time.Until(time.Unix(disableTimestamp, 0))\n\n\t\tt.logger.Warn(""Skipping resharding, resharding is disabled while waiting for recoverable errors"", ""disabled_at"", disabledAt, ""disabled_for"", disabledFor)\n\t\treturn false"	spurious_correlation_results/human_annotation/full_code/test57/generated.go	spurious_correlation_results/human_annotation/full_code/test57/reference.go	spurious_correlation_results/human_annotation/full_code/test57/generated_completion.txt	spurious_correlation_results/human_annotation/full_code/test57/reference_completion.txt	spurious_correlation_results/human_annotation/full_code/test57/prompt.txt			
test57_t1794_s10	17	10	57	test57	1794	\tt	t	disabledAt	10	10	alti_saliency	419	resh	0.004746	Timestamp     atomic .Int 6 4 \n \t [SOURCE:resh] ard Disable Start Timestamp  atomic .Int 6 4	" are  returned <|im_end|> \n <|im_start|> assistant \n \t [TARGET:\tt] .logger .Warn ("" Skipping  res hard ing ,"	"\n\t\tt.logger.Warn(""Skipping resharding, disabled until"", ""disableTimestamp"", disableTimestamp)\n\t\treturn false"	"\n\t\tdisabledAt := time.Unix(t.reshardDisableStartTimestamp.Load(), 0)\n\t\tdisabledFor := time.Until(time.Unix(disableTimestamp, 0))\n\n\t\tt.logger.Warn(""Skipping resharding, resharding is disabled while waiting for recoverable errors"", ""disabled_at"", disabledAt, ""disabled_for"", disabledFor)\n\t\treturn false"	spurious_correlation_results/human_annotation/full_code/test57/generated.go	spurious_correlation_results/human_annotation/full_code/test57/reference.go	spurious_correlation_results/human_annotation/full_code/test57/generated_completion.txt	spurious_correlation_results/human_annotation/full_code/test57/reference_completion.txt	spurious_correlation_results/human_annotation/full_code/test57/prompt.txt			
test58_t703_s01	18	1	58	test58	703	 metric	metric	MakeMetrics	1	1	alti_saliency	249	etric	0.022036	"roach db / cock roach /pkg /util /m [SOURCE:etric] "";  "" github .com / cock roach db"	"<|im_start|> assistant \n \t \tm etrics :   [TARGET: metric] .New Struct (st ,  "" cloud _ extern"	"\n\t\tmetrics:  metric.NewStruct(st, ""cloud_externals""),\n\t}"	\n\t\tmetrics:  MakeMetrics(lookup),\n\t}	spurious_correlation_results/human_annotation/full_code/test58/generated.go	spurious_correlation_results/human_annotation/full_code/test58/reference.go	spurious_correlation_results/human_annotation/full_code/test58/generated_completion.txt	spurious_correlation_results/human_annotation/full_code/test58/reference_completion.txt	spurious_correlation_results/human_annotation/full_code/test58/prompt.txt			
test58_t703_s02	18	2	58	test58	703	 metric	metric	MakeMetrics	2	2	alti_saliency	700	etrics	0.016175	" returned <|im_end|> \n <|im_start|> assistant \n \t \tm [SOURCE:etrics] :    metric .New Struct (st ,  """	"<|im_start|> assistant \n \t \tm etrics :   [TARGET: metric] .New Struct (st ,  "" cloud _ extern"	"\n\t\tmetrics:  metric.NewStruct(st, ""cloud_externals""),\n\t}"	\n\t\tmetrics:  MakeMetrics(lookup),\n\t}	spurious_correlation_results/human_annotation/full_code/test58/generated.go	spurious_correlation_results/human_annotation/full_code/test58/reference.go	spurious_correlation_results/human_annotation/full_code/test58/generated_completion.txt	spurious_correlation_results/human_annotation/full_code/test58/reference_completion.txt	spurious_correlation_results/human_annotation/full_code/test58/prompt.txt			
test58_t703_s03	18	3	58	test58	703	 metric	metric	MakeMetrics	3	3	alti_saliency	359	 metric	0.015418	\tl imiters  Limit ers \n \tm etrics   [SOURCE: metric] .Struct \n }\n //  Methods :\n -  func	"<|im_start|> assistant \n \t \tm etrics :   [TARGET: metric] .New Struct (st ,  "" cloud _ extern"	"\n\t\tmetrics:  metric.NewStruct(st, ""cloud_externals""),\n\t}"	\n\t\tmetrics:  MakeMetrics(lookup),\n\t}	spurious_correlation_results/human_annotation/full_code/test58/generated.go	spurious_correlation_results/human_annotation/full_code/test58/reference.go	spurious_correlation_results/human_annotation/full_code/test58/generated_completion.txt	spurious_correlation_results/human_annotation/full_code/test58/reference_completion.txt	spurious_correlation_results/human_annotation/full_code/test58/prompt.txt			
test58_t703_s04	18	4	58	test58	703	 metric	metric	MakeMetrics	4	4	alti_saliency	357	etrics	0.014791	.Settings \n \tl imiters  Limit ers \n \tm [SOURCE:etrics]    metric .Struct \n }\n //  Methods :\n	"<|im_start|> assistant \n \t \tm etrics :   [TARGET: metric] .New Struct (st ,  "" cloud _ extern"	"\n\t\tmetrics:  metric.NewStruct(st, ""cloud_externals""),\n\t}"	\n\t\tmetrics:  MakeMetrics(lookup),\n\t}	spurious_correlation_results/human_annotation/full_code/test58/generated.go	spurious_correlation_results/human_annotation/full_code/test58/reference.go	spurious_correlation_results/human_annotation/full_code/test58/generated_completion.txt	spurious_correlation_results/human_annotation/full_code/test58/reference_completion.txt	spurious_correlation_results/human_annotation/full_code/test58/prompt.txt			
test58_t703_s05	18	5	58	test58	703	 metric	metric	MakeMetrics	5	5	alti_saliency	73	roach	0.011314	github .com / cock roach db / cock [SOURCE:roach] /pkg /cloud  Below  is  the  code  repository :	"<|im_start|> assistant \n \t \tm etrics :   [TARGET: metric] .New Struct (st ,  "" cloud _ extern"	"\n\t\tmetrics:  metric.NewStruct(st, ""cloud_externals""),\n\t}"	\n\t\tmetrics:  MakeMetrics(lookup),\n\t}	spurious_correlation_results/human_annotation/full_code/test58/generated.go	spurious_correlation_results/human_annotation/full_code/test58/reference.go	spurious_correlation_results/human_annotation/full_code/test58/generated_completion.txt	spurious_correlation_results/human_annotation/full_code/test58/reference_completion.txt	spurious_correlation_results/human_annotation/full_code/test58/prompt.txt			
test58_t703_s06	18	6	58	test58	703	 metric	metric	MakeMetrics	6	6	alti_saliency	335	 struct	0.010968	 definition :\n type  Early Boot External Storage Accessor [SOURCE: struct]  {\n \tconf       base .Ex ternal IOD ir	"<|im_start|> assistant \n \t \tm etrics :   [TARGET: metric] .New Struct (st ,  "" cloud _ extern"	"\n\t\tmetrics:  metric.NewStruct(st, ""cloud_externals""),\n\t}"	\n\t\tmetrics:  MakeMetrics(lookup),\n\t}	spurious_correlation_results/human_annotation/full_code/test58/generated.go	spurious_correlation_results/human_annotation/full_code/test58/reference.go	spurious_correlation_results/human_annotation/full_code/test58/generated_completion.txt	spurious_correlation_results/human_annotation/full_code/test58/reference_completion.txt	spurious_correlation_results/human_annotation/full_code/test58/prompt.txt			
test58_t703_s07	18	7	58	test58	703	 metric	metric	MakeMetrics	7	7	alti_saliency	69	roach	0.010755	 the  package  path : github .com / cock [SOURCE:roach] db / cock roach /pkg /cloud  Below  is	"<|im_start|> assistant \n \t \tm etrics :   [TARGET: metric] .New Struct (st ,  "" cloud _ extern"	"\n\t\tmetrics:  metric.NewStruct(st, ""cloud_externals""),\n\t}"	\n\t\tmetrics:  MakeMetrics(lookup),\n\t}	spurious_correlation_results/human_annotation/full_code/test58/generated.go	spurious_correlation_results/human_annotation/full_code/test58/reference.go	spurious_correlation_results/human_annotation/full_code/test58/generated_completion.txt	spurious_correlation_results/human_annotation/full_code/test58/reference_completion.txt	spurious_correlation_results/human_annotation/full_code/test58/prompt.txt			
test58_t703_s08	18	8	58	test58	703	 metric	metric	MakeMetrics	8	8	alti_saliency	360	.Struct	0.010215	imiters  Limit ers \n \tm etrics    metric [SOURCE:.Struct] \n }\n //  Methods :\n -  func  (	"<|im_start|> assistant \n \t \tm etrics :   [TARGET: metric] .New Struct (st ,  "" cloud _ extern"	"\n\t\tmetrics:  metric.NewStruct(st, ""cloud_externals""),\n\t}"	\n\t\tmetrics:  MakeMetrics(lookup),\n\t}	spurious_correlation_results/human_annotation/full_code/test58/generated.go	spurious_correlation_results/human_annotation/full_code/test58/reference.go	spurious_correlation_results/human_annotation/full_code/test58/generated_completion.txt	spurious_correlation_results/human_annotation/full_code/test58/reference_completion.txt	spurious_correlation_results/human_annotation/full_code/test58/prompt.txt			
test58_t703_s09	18	9	58	test58	703	 metric	metric	MakeMetrics	9	9	alti_saliency	699	\tm	0.008977	 are  returned <|im_end|> \n <|im_start|> assistant \n \t [SOURCE:\tm] etrics :    metric .New Struct (st ,	"<|im_start|> assistant \n \t \tm etrics :   [TARGET: metric] .New Struct (st ,  "" cloud _ extern"	"\n\t\tmetrics:  metric.NewStruct(st, ""cloud_externals""),\n\t}"	\n\t\tmetrics:  MakeMetrics(lookup),\n\t}	spurious_correlation_results/human_annotation/full_code/test58/generated.go	spurious_correlation_results/human_annotation/full_code/test58/reference.go	spurious_correlation_results/human_annotation/full_code/test58/generated_completion.txt	spurious_correlation_results/human_annotation/full_code/test58/reference_completion.txt	spurious_correlation_results/human_annotation/full_code/test58/prompt.txt			
test58_t703_s10	18	10	58	test58	703	 metric	metric	MakeMetrics	10	10	alti_saliency	353	 Limit	0.008863	\n \tsettings  * cluster .Settings \n \tl imiters [SOURCE: Limit] ers \n \tm etrics    metric .Struct \n	"<|im_start|> assistant \n \t \tm etrics :   [TARGET: metric] .New Struct (st ,  "" cloud _ extern"	"\n\t\tmetrics:  metric.NewStruct(st, ""cloud_externals""),\n\t}"	\n\t\tmetrics:  MakeMetrics(lookup),\n\t}	spurious_correlation_results/human_annotation/full_code/test58/generated.go	spurious_correlation_results/human_annotation/full_code/test58/reference.go	spurious_correlation_results/human_annotation/full_code/test58/generated_completion.txt	spurious_correlation_results/human_annotation/full_code/test58/reference_completion.txt	spurious_correlation_results/human_annotation/full_code/test58/prompt.txt			
test65_t984_s01	19	1	65	test65	984	.Read	ReadInterface	Read	1	1	alti_saliency	75	iterator	0.044564	/kubernetes /K ubernetes /vendor /github .com /json - [SOURCE:iterator] /go  Below  is  the  code  repository :  github	 any .cfg .Return Iterator (iter )\n \treturn  iter [TARGET:.Read] Interface () <|im_end|>	\n\titer := any.cfg.BorrowIterator(any.buf)\n\tdefer any.cfg.ReturnIterator(iter)\n\treturn iter.ReadInterface()	\n\titer := any.cfg.BorrowIterator(any.buf)\n\tdefer any.cfg.ReturnIterator(iter)\n\treturn iter.Read()	spurious_correlation_results/human_annotation/full_code/test65/generated.go	spurious_correlation_results/human_annotation/full_code/test65/reference.go	spurious_correlation_results/human_annotation/full_code/test65/generated_completion.txt	spurious_correlation_results/human_annotation/full_code/test65/reference_completion.txt	spurious_correlation_results/human_annotation/full_code/test65/prompt.txt			
test65_t984_s02	19	2	65	test65	984	.Read	ReadInterface	Read	2	2	alti_saliency	73	/json	0.023408	github .com /kubernetes /K ubernetes /vendor /github .com [SOURCE:/json] - iterator /go  Below  is  the  code  repository	 any .cfg .Return Iterator (iter )\n \treturn  iter [TARGET:.Read] Interface () <|im_end|>	\n\titer := any.cfg.BorrowIterator(any.buf)\n\tdefer any.cfg.ReturnIterator(iter)\n\treturn iter.ReadInterface()	\n\titer := any.cfg.BorrowIterator(any.buf)\n\tdefer any.cfg.ReturnIterator(iter)\n\treturn iter.Read()	spurious_correlation_results/human_annotation/full_code/test65/generated.go	spurious_correlation_results/human_annotation/full_code/test65/reference.go	spurious_correlation_results/human_annotation/full_code/test65/generated_completion.txt	spurious_correlation_results/human_annotation/full_code/test65/reference_completion.txt	spurious_correlation_results/human_annotation/full_code/test65/prompt.txt			
test65_t984_s03	19	3	65	test65	984	.Read	ReadInterface	Read	3	3	alti_saliency	505	.Read	0.013164	\tdefer  any .cfg .Return Iterator (iter )\n \titer [SOURCE:.Read] Val (obj )\n }\n\n func  ( any  *	 any .cfg .Return Iterator (iter )\n \treturn  iter [TARGET:.Read] Interface () <|im_end|>	\n\titer := any.cfg.BorrowIterator(any.buf)\n\tdefer any.cfg.ReturnIterator(iter)\n\treturn iter.ReadInterface()	\n\titer := any.cfg.BorrowIterator(any.buf)\n\tdefer any.cfg.ReturnIterator(iter)\n\treturn iter.Read()	spurious_correlation_results/human_annotation/full_code/test65/generated.go	spurious_correlation_results/human_annotation/full_code/test65/reference.go	spurious_correlation_results/human_annotation/full_code/test65/generated_completion.txt	spurious_correlation_results/human_annotation/full_code/test65/reference_completion.txt	spurious_correlation_results/human_annotation/full_code/test65/prompt.txt			
test65_t984_s04	19	4	65	test65	984	.Read	ReadInterface	Read	4	4	alti_saliency	982	\treturn	0.012727	)\n \tdefer  any .cfg .Return Iterator (iter )\n [SOURCE:\treturn]  iter .Read Interface () <|im_end|>	 any .cfg .Return Iterator (iter )\n \treturn  iter [TARGET:.Read] Interface () <|im_end|>	\n\titer := any.cfg.BorrowIterator(any.buf)\n\tdefer any.cfg.ReturnIterator(iter)\n\treturn iter.ReadInterface()	\n\titer := any.cfg.BorrowIterator(any.buf)\n\tdefer any.cfg.ReturnIterator(iter)\n\treturn iter.Read()	spurious_correlation_results/human_annotation/full_code/test65/generated.go	spurious_correlation_results/human_annotation/full_code/test65/reference.go	spurious_correlation_results/human_annotation/full_code/test65/generated_completion.txt	spurious_correlation_results/human_annotation/full_code/test65/reference_completion.txt	spurious_correlation_results/human_annotation/full_code/test65/prompt.txt			
test65_t984_s05	19	5	65	test65	984	.Read	ReadInterface	Read	5	5	alti_saliency	921	Interface	0.00992	 ( any  * object Lazy Any )  Get [SOURCE:Interface] ()  * ast .Interface Type \n func  (	 any .cfg .Return Iterator (iter )\n \treturn  iter [TARGET:.Read] Interface () <|im_end|>	\n\titer := any.cfg.BorrowIterator(any.buf)\n\tdefer any.cfg.ReturnIterator(iter)\n\treturn iter.ReadInterface()	\n\titer := any.cfg.BorrowIterator(any.buf)\n\tdefer any.cfg.ReturnIterator(iter)\n\treturn iter.Read()	spurious_correlation_results/human_annotation/full_code/test65/generated.go	spurious_correlation_results/human_annotation/full_code/test65/reference.go	spurious_correlation_results/human_annotation/full_code/test65/generated_completion.txt	spurious_correlation_results/human_annotation/full_code/test65/reference_completion.txt	spurious_correlation_results/human_annotation/full_code/test65/prompt.txt			
test65_t984_s06	19	6	65	test65	984	.Read	ReadInterface	Read	6	6	alti_saliency	492	orrow	0.008942	 interface {})  {\n \titer  :=  any .cfg .B [SOURCE:orrow] Iterator (any .buf )\n \tdefer  any .cfg .Return	 any .cfg .Return Iterator (iter )\n \treturn  iter [TARGET:.Read] Interface () <|im_end|>	\n\titer := any.cfg.BorrowIterator(any.buf)\n\tdefer any.cfg.ReturnIterator(iter)\n\treturn iter.ReadInterface()	\n\titer := any.cfg.BorrowIterator(any.buf)\n\tdefer any.cfg.ReturnIterator(iter)\n\treturn iter.Read()	spurious_correlation_results/human_annotation/full_code/test65/generated.go	spurious_correlation_results/human_annotation/full_code/test65/reference.go	spurious_correlation_results/human_annotation/full_code/test65/generated_completion.txt	spurious_correlation_results/human_annotation/full_code/test65/reference_completion.txt	spurious_correlation_results/human_annotation/full_code/test65/prompt.txt			
test65_t984_s07	19	7	65	test65	984	.Read	ReadInterface	Read	7	7	alti_saliency	493	Iterator	0.008738	{})  {\n \titer  :=  any .cfg .B orrow [SOURCE:Iterator] (any .buf )\n \tdefer  any .cfg .Return Iterator	 any .cfg .Return Iterator (iter )\n \treturn  iter [TARGET:.Read] Interface () <|im_end|>	\n\titer := any.cfg.BorrowIterator(any.buf)\n\tdefer any.cfg.ReturnIterator(iter)\n\treturn iter.ReadInterface()	\n\titer := any.cfg.BorrowIterator(any.buf)\n\tdefer any.cfg.ReturnIterator(iter)\n\treturn iter.Read()	spurious_correlation_results/human_annotation/full_code/test65/generated.go	spurious_correlation_results/human_annotation/full_code/test65/reference.go	spurious_correlation_results/human_annotation/full_code/test65/generated_completion.txt	spurious_correlation_results/human_annotation/full_code/test65/reference_completion.txt	spurious_correlation_results/human_annotation/full_code/test65/prompt.txt			
test65_t984_s08	19	8	65	test65	984	.Read	ReadInterface	Read	8	8	alti_saliency	975	\tdefer	0.008296	 any .cfg .B orrow Iterator (any .buf )\n [SOURCE:\tdefer]  any .cfg .Return Iterator (iter )\n \treturn  iter	 any .cfg .Return Iterator (iter )\n \treturn  iter [TARGET:.Read] Interface () <|im_end|>	\n\titer := any.cfg.BorrowIterator(any.buf)\n\tdefer any.cfg.ReturnIterator(iter)\n\treturn iter.ReadInterface()	\n\titer := any.cfg.BorrowIterator(any.buf)\n\tdefer any.cfg.ReturnIterator(iter)\n\treturn iter.Read()	spurious_correlation_results/human_annotation/full_code/test65/generated.go	spurious_correlation_results/human_annotation/full_code/test65/reference.go	spurious_correlation_results/human_annotation/full_code/test65/generated_completion.txt	spurious_correlation_results/human_annotation/full_code/test65/reference_completion.txt	spurious_correlation_results/human_annotation/full_code/test65/prompt.txt			
test65_t984_s09	19	9	65	test65	984	.Read	ReadInterface	Read	9	9	alti_saliency	504	\titer	0.008269	)\n \tdefer  any .cfg .Return Iterator (iter )\n [SOURCE:\titer] .Read Val (obj )\n }\n\n func  ( any	 any .cfg .Return Iterator (iter )\n \treturn  iter [TARGET:.Read] Interface () <|im_end|>	\n\titer := any.cfg.BorrowIterator(any.buf)\n\tdefer any.cfg.ReturnIterator(iter)\n\treturn iter.ReadInterface()	\n\titer := any.cfg.BorrowIterator(any.buf)\n\tdefer any.cfg.ReturnIterator(iter)\n\treturn iter.Read()	spurious_correlation_results/human_annotation/full_code/test65/generated.go	spurious_correlation_results/human_annotation/full_code/test65/reference.go	spurious_correlation_results/human_annotation/full_code/test65/generated_completion.txt	spurious_correlation_results/human_annotation/full_code/test65/reference_completion.txt	spurious_correlation_results/human_annotation/full_code/test65/prompt.txt			
test65_t984_s10	19	10	65	test65	984	.Read	ReadInterface	Read	10	10	alti_saliency	62	 package	0.008114	 provided  code     content .  Below  is  the [SOURCE: package]  path : github .com /kubernetes /K ubernetes /vendor	 any .cfg .Return Iterator (iter )\n \treturn  iter [TARGET:.Read] Interface () <|im_end|>	\n\titer := any.cfg.BorrowIterator(any.buf)\n\tdefer any.cfg.ReturnIterator(iter)\n\treturn iter.ReadInterface()	\n\titer := any.cfg.BorrowIterator(any.buf)\n\tdefer any.cfg.ReturnIterator(iter)\n\treturn iter.Read()	spurious_correlation_results/human_annotation/full_code/test65/generated.go	spurious_correlation_results/human_annotation/full_code/test65/reference.go	spurious_correlation_results/human_annotation/full_code/test65/generated_completion.txt	spurious_correlation_results/human_annotation/full_code/test65/reference_completion.txt	spurious_correlation_results/human_annotation/full_code/test65/prompt.txt			
test66_t1915_s01	20	1	66	test66	1915	\tbreak	break	p	1	1	alti_saliency	1755	.Buffer	0.030364	 the  first  white  space .\n \tvar  typ  bytes [SOURCE:.Buffer] \n \tt ok  :=  p .scan ()\n \tfor	 are  returned <|im_end|> \n <|im_start|> assistant \n \t\t [TARGET:\tbreak] \n \t \t }  else  if (tok  ==	\n\t\t\tbreak\n\t\t} else if(tok ==whitespace) {\n\t\t\tp.unscan()\n\t\t\tbreak	"\n\t\t\tp.addExpectedTokenErr(""define field type"")\n\t\t\treturn nil"	spurious_correlation_results/human_annotation/full_code/test66/generated.go	spurious_correlation_results/human_annotation/full_code/test66/reference.go	spurious_correlation_results/human_annotation/full_code/test66/generated_completion.txt	spurious_correlation_results/human_annotation/full_code/test66/reference_completion.txt	spurious_correlation_results/human_annotation/full_code/test66/prompt.txt			
test66_t1915_s02	20	2	66	test66	1915	\tbreak	break	p	2	2	alti_saliency	1754	 bytes	0.022168	 until  the  first  white  space .\n \tvar  typ [SOURCE: bytes] .Buffer \n \tt ok  :=  p .scan ()\n	 are  returned <|im_end|> \n <|im_start|> assistant \n \t\t [TARGET:\tbreak] \n \t \t }  else  if (tok  ==	\n\t\t\tbreak\n\t\t} else if(tok ==whitespace) {\n\t\t\tp.unscan()\n\t\t\tbreak	"\n\t\t\tp.addExpectedTokenErr(""define field type"")\n\t\t\treturn nil"	spurious_correlation_results/human_annotation/full_code/test66/generated.go	spurious_correlation_results/human_annotation/full_code/test66/reference.go	spurious_correlation_results/human_annotation/full_code/test66/generated_completion.txt	spurious_correlation_results/human_annotation/full_code/test66/reference_completion.txt	spurious_correlation_results/human_annotation/full_code/test66/prompt.txt			
test66_t1915_s03	20	3	66	test66	1915	\tbreak	break	p	3	3	alti_saliency	1753	 typ	0.020903	 tokens  until  the  first  white  space .\n \tvar [SOURCE: typ]  bytes .Buffer \n \tt ok  :=  p .scan	 are  returned <|im_end|> \n <|im_start|> assistant \n \t\t [TARGET:\tbreak] \n \t \t }  else  if (tok  ==	\n\t\t\tbreak\n\t\t} else if(tok ==whitespace) {\n\t\t\tp.unscan()\n\t\t\tbreak	"\n\t\t\tp.addExpectedTokenErr(""define field type"")\n\t\t\treturn nil"	spurious_correlation_results/human_annotation/full_code/test66/generated.go	spurious_correlation_results/human_annotation/full_code/test66/reference.go	spurious_correlation_results/human_annotation/full_code/test66/generated_completion.txt	spurious_correlation_results/human_annotation/full_code/test66/reference_completion.txt	spurious_correlation_results/human_annotation/full_code/test66/prompt.txt			
test66_t1915_s04	20	4	66	test66	1915	\tbreak	break	p	4	4	alti_saliency	1752	\tvar	0.016309	 Scan  tokens  until  the  first  white  space .\n [SOURCE:\tvar]  typ  bytes .Buffer \n \tt ok  :=  p	 are  returned <|im_end|> \n <|im_start|> assistant \n \t\t [TARGET:\tbreak] \n \t \t }  else  if (tok  ==	\n\t\t\tbreak\n\t\t} else if(tok ==whitespace) {\n\t\t\tp.unscan()\n\t\t\tbreak	"\n\t\t\tp.addExpectedTokenErr(""define field type"")\n\t\t\treturn nil"	spurious_correlation_results/human_annotation/full_code/test66/generated.go	spurious_correlation_results/human_annotation/full_code/test66/reference.go	spurious_correlation_results/human_annotation/full_code/test66/generated_completion.txt	spurious_correlation_results/human_annotation/full_code/test66/reference_completion.txt	spurious_correlation_results/human_annotation/full_code/test66/prompt.txt			
test66_t1915_s05	20	5	66	test66	1915	\tbreak	break	p	5	5	alti_saliency	1744	 Scan	0.009635	 :=  p .s .L iteral ()\n\n \t // [SOURCE: Scan]  tokens  until  the  first  white  space .\n \tvar	 are  returned <|im_end|> \n <|im_start|> assistant \n \t\t [TARGET:\tbreak] \n \t \t }  else  if (tok  ==	\n\t\t\tbreak\n\t\t} else if(tok ==whitespace) {\n\t\t\tp.unscan()\n\t\t\tbreak	"\n\t\t\tp.addExpectedTokenErr(""define field type"")\n\t\t\treturn nil"	spurious_correlation_results/human_annotation/full_code/test66/generated.go	spurious_correlation_results/human_annotation/full_code/test66/reference.go	spurious_correlation_results/human_annotation/full_code/test66/generated_completion.txt	spurious_correlation_results/human_annotation/full_code/test66/reference_completion.txt	spurious_correlation_results/human_annotation/full_code/test66/prompt.txt			
test66_t1915_s06	20	6	66	test66	1915	\tbreak	break	p	6	6	alti_saliency	1763	\tfor	0.008039	.Buffer \n \tt ok  :=  p .scan ()\n [SOURCE:\tfor]  {\n \t \tif  tok  !=  IDENT  &&  tok	 are  returned <|im_end|> \n <|im_start|> assistant \n \t\t [TARGET:\tbreak] \n \t \t }  else  if (tok  ==	\n\t\t\tbreak\n\t\t} else if(tok ==whitespace) {\n\t\t\tp.unscan()\n\t\t\tbreak	"\n\t\t\tp.addExpectedTokenErr(""define field type"")\n\t\t\treturn nil"	spurious_correlation_results/human_annotation/full_code/test66/generated.go	spurious_correlation_results/human_annotation/full_code/test66/reference.go	spurious_correlation_results/human_annotation/full_code/test66/generated_completion.txt	spurious_correlation_results/human_annotation/full_code/test66/reference_completion.txt	spurious_correlation_results/human_annotation/full_code/test66/prompt.txt			
test66_t1915_s07	20	7	66	test66	1915	\tbreak	break	p	7	7	alti_saliency	1746	 until	0.007843	.s .L iteral ()\n\n \t //  Scan  tokens [SOURCE: until]  the  first  white  space .\n \tvar  typ  bytes	 are  returned <|im_end|> \n <|im_start|> assistant \n \t\t [TARGET:\tbreak] \n \t \t }  else  if (tok  ==	\n\t\t\tbreak\n\t\t} else if(tok ==whitespace) {\n\t\t\tp.unscan()\n\t\t\tbreak	"\n\t\t\tp.addExpectedTokenErr(""define field type"")\n\t\t\treturn nil"	spurious_correlation_results/human_annotation/full_code/test66/generated.go	spurious_correlation_results/human_annotation/full_code/test66/reference.go	spurious_correlation_results/human_annotation/full_code/test66/generated_completion.txt	spurious_correlation_results/human_annotation/full_code/test66/reference_completion.txt	spurious_correlation_results/human_annotation/full_code/test66/prompt.txt			
test66_t1915_s08	20	8	66	test66	1915	\tbreak	break	p	8	8	alti_saliency	1802	.WriteString	0.006533	M ID >  \t \t }\n \t \ttyp [SOURCE:.WriteString] (p .s .L iteral ())\n \t \tt ok	 are  returned <|im_end|> \n <|im_start|> assistant \n \t\t [TARGET:\tbreak] \n \t \t }  else  if (tok  ==	\n\t\t\tbreak\n\t\t} else if(tok ==whitespace) {\n\t\t\tp.unscan()\n\t\t\tbreak	"\n\t\t\tp.addExpectedTokenErr(""define field type"")\n\t\t\treturn nil"	spurious_correlation_results/human_annotation/full_code/test66/generated.go	spurious_correlation_results/human_annotation/full_code/test66/reference.go	spurious_correlation_results/human_annotation/full_code/test66/generated_completion.txt	spurious_correlation_results/human_annotation/full_code/test66/reference_completion.txt	spurious_correlation_results/human_annotation/full_code/test66/prompt.txt			
test66_t1915_s09	20	9	66	test66	1915	\tbreak	break	p	9	9	alti_saliency	1695	func	0.006397	Define Field ()  * Define Field Expr \n [SOURCE:func]  ( p  * Parser )  parse Define Field	 are  returned <|im_end|> \n <|im_start|> assistant \n \t\t [TARGET:\tbreak] \n \t \t }  else  if (tok  ==	\n\t\t\tbreak\n\t\t} else if(tok ==whitespace) {\n\t\t\tp.unscan()\n\t\t\tbreak	"\n\t\t\tp.addExpectedTokenErr(""define field type"")\n\t\t\treturn nil"	spurious_correlation_results/human_annotation/full_code/test66/generated.go	spurious_correlation_results/human_annotation/full_code/test66/reference.go	spurious_correlation_results/human_annotation/full_code/test66/generated_completion.txt	spurious_correlation_results/human_annotation/full_code/test66/reference_completion.txt	spurious_correlation_results/human_annotation/full_code/test66/prompt.txt			
test66_t1915_s10	20	10	66	test66	1915	\tbreak	break	p	10	10	alti_saliency	1745	 tokens	0.006204	 p .s .L iteral ()\n\n \t //  Scan [SOURCE: tokens]  until  the  first  white  space .\n \tvar  typ	 are  returned <|im_end|> \n <|im_start|> assistant \n \t\t [TARGET:\tbreak] \n \t \t }  else  if (tok  ==	\n\t\t\tbreak\n\t\t} else if(tok ==whitespace) {\n\t\t\tp.unscan()\n\t\t\tbreak	"\n\t\t\tp.addExpectedTokenErr(""define field type"")\n\t\t\treturn nil"	spurious_correlation_results/human_annotation/full_code/test66/generated.go	spurious_correlation_results/human_annotation/full_code/test66/reference.go	spurious_correlation_results/human_annotation/full_code/test66/generated_completion.txt	spurious_correlation_results/human_annotation/full_code/test66/reference_completion.txt	spurious_correlation_results/human_annotation/full_code/test66/prompt.txt			
test68_t1306_s01	21	1	68	test68	1306	.L	.	==	1	1	alti_saliency	1305	 addr	0.026142	 returned <|im_end|> \n <|im_start|> assistant \n \t \tif [SOURCE: addr] .L oc ality  ==  ro ach pb .L	<|im_end|> \n <|im_start|> assistant \n \t \tif  addr [TARGET:.L] oc ality  ==  ro ach pb .L oc	\n\t\tif addr.Locality == roachpb.Locality_SELF {\n\t\t\tcontinue\n\t\t}\n\t\taddrs = append(addrs, addr.Address)	\n\t\tif addr == addressConfig.LoopbackAddress {\n\t\t\tcontinue\n\t\t}\n\t\taddrs = append(addrs, addr)	spurious_correlation_results/human_annotation/full_code/test68/generated.go	spurious_correlation_results/human_annotation/full_code/test68/reference.go	spurious_correlation_results/human_annotation/full_code/test68/generated_completion.txt	spurious_correlation_results/human_annotation/full_code/test68/reference_completion.txt	spurious_correlation_results/human_annotation/full_code/test68/prompt.txt			
test68_t1306_s02	21	2	68	test68	1306	.L	.	==	2	2	alti_saliency	1231	.Remote	0.016606	string ,   0 ,  len (address Config [SOURCE:.Remote] Addresses )+ 1 )\n \tfor  _,  addr  :=	<|im_end|> \n <|im_start|> assistant \n \t \tif  addr [TARGET:.L] oc ality  ==  ro ach pb .L oc	\n\t\tif addr.Locality == roachpb.Locality_SELF {\n\t\t\tcontinue\n\t\t}\n\t\taddrs = append(addrs, addr.Address)	\n\t\tif addr == addressConfig.LoopbackAddress {\n\t\t\tcontinue\n\t\t}\n\t\taddrs = append(addrs, addr)	spurious_correlation_results/human_annotation/full_code/test68/generated.go	spurious_correlation_results/human_annotation/full_code/test68/reference.go	spurious_correlation_results/human_annotation/full_code/test68/generated_completion.txt	spurious_correlation_results/human_annotation/full_code/test68/reference_completion.txt	spurious_correlation_results/human_annotation/full_code/test68/prompt.txt			
test68_t1306_s03	21	3	68	test68	1306	.L	.	==	3	3	alti_saliency	1236	\tfor	0.01487	 len (address Config .Remote Addresses )+ 1 )\n [SOURCE:\tfor]  _,  addr  :=  range  address Config .Remote Addresses	<|im_end|> \n <|im_start|> assistant \n \t \tif  addr [TARGET:.L] oc ality  ==  ro ach pb .L oc	\n\t\tif addr.Locality == roachpb.Locality_SELF {\n\t\t\tcontinue\n\t\t}\n\t\taddrs = append(addrs, addr.Address)	\n\t\tif addr == addressConfig.LoopbackAddress {\n\t\t\tcontinue\n\t\t}\n\t\taddrs = append(addrs, addr)	spurious_correlation_results/human_annotation/full_code/test68/generated.go	spurious_correlation_results/human_annotation/full_code/test68/reference.go	spurious_correlation_results/human_annotation/full_code/test68/generated_completion.txt	spurious_correlation_results/human_annotation/full_code/test68/reference_completion.txt	spurious_correlation_results/human_annotation/full_code/test68/prompt.txt			
test68_t1306_s04	21	4	68	test68	1306	.L	.	==	4	4	alti_saliency	1239	 :=	0.014269	.Remote Addresses )+ 1 )\n \tfor  _,  addr [SOURCE: :=]  range  address Config .Remote Addresses  {  < M	<|im_end|> \n <|im_start|> assistant \n \t \tif  addr [TARGET:.L] oc ality  ==  ro ach pb .L oc	\n\t\tif addr.Locality == roachpb.Locality_SELF {\n\t\t\tcontinue\n\t\t}\n\t\taddrs = append(addrs, addr.Address)	\n\t\tif addr == addressConfig.LoopbackAddress {\n\t\t\tcontinue\n\t\t}\n\t\taddrs = append(addrs, addr)	spurious_correlation_results/human_annotation/full_code/test68/generated.go	spurious_correlation_results/human_annotation/full_code/test68/reference.go	spurious_correlation_results/human_annotation/full_code/test68/generated_completion.txt	spurious_correlation_results/human_annotation/full_code/test68/reference_completion.txt	spurious_correlation_results/human_annotation/full_code/test68/prompt.txt			
test68_t1306_s05	21	5	68	test68	1306	.L	.	==	5	5	alti_saliency	1304	\tif	0.013788	 are  returned <|im_end|> \n <|im_start|> assistant \n \t [SOURCE:\tif]  addr .L oc ality  ==  ro ach pb	<|im_end|> \n <|im_start|> assistant \n \t \tif  addr [TARGET:.L] oc ality  ==  ro ach pb .L oc	\n\t\tif addr.Locality == roachpb.Locality_SELF {\n\t\t\tcontinue\n\t\t}\n\t\taddrs = append(addrs, addr.Address)	\n\t\tif addr == addressConfig.LoopbackAddress {\n\t\t\tcontinue\n\t\t}\n\t\taddrs = append(addrs, addr)	spurious_correlation_results/human_annotation/full_code/test68/generated.go	spurious_correlation_results/human_annotation/full_code/test68/reference.go	spurious_correlation_results/human_annotation/full_code/test68/generated_completion.txt	spurious_correlation_results/human_annotation/full_code/test68/reference_completion.txt	spurious_correlation_results/human_annotation/full_code/test68/prompt.txt			
test68_t1306_s06	21	6	68	test68	1306	.L	.	==	6	6	alti_saliency	1205	func	0.011981	Address Config )  * ast .Array Type \n [SOURCE:func]  Combine KV Addresses (address Config  KV Address Config	<|im_end|> \n <|im_start|> assistant \n \t \tif  addr [TARGET:.L] oc ality  ==  ro ach pb .L oc	\n\t\tif addr.Locality == roachpb.Locality_SELF {\n\t\t\tcontinue\n\t\t}\n\t\taddrs = append(addrs, addr.Address)	\n\t\tif addr == addressConfig.LoopbackAddress {\n\t\t\tcontinue\n\t\t}\n\t\taddrs = append(addrs, addr)	spurious_correlation_results/human_annotation/full_code/test68/generated.go	spurious_correlation_results/human_annotation/full_code/test68/reference.go	spurious_correlation_results/human_annotation/full_code/test68/generated_completion.txt	spurious_correlation_results/human_annotation/full_code/test68/reference_completion.txt	spurious_correlation_results/human_annotation/full_code/test68/prompt.txt			
test68_t1306_s07	21	7	68	test68	1306	.L	.	==	7	7	alti_saliency	1220	 :=	0.011685	Address Config )  [] string  {\n \tadd rs [SOURCE: :=]  make ([] string ,   0 ,  len	<|im_end|> \n <|im_start|> assistant \n \t \tif  addr [TARGET:.L] oc ality  ==  ro ach pb .L oc	\n\t\tif addr.Locality == roachpb.Locality_SELF {\n\t\t\tcontinue\n\t\t}\n\t\taddrs = append(addrs, addr.Address)	\n\t\tif addr == addressConfig.LoopbackAddress {\n\t\t\tcontinue\n\t\t}\n\t\taddrs = append(addrs, addr)	spurious_correlation_results/human_annotation/full_code/test68/generated.go	spurious_correlation_results/human_annotation/full_code/test68/reference.go	spurious_correlation_results/human_annotation/full_code/test68/generated_completion.txt	spurious_correlation_results/human_annotation/full_code/test68/reference_completion.txt	spurious_correlation_results/human_annotation/full_code/test68/prompt.txt			
test68_t1306_s08	21	8	68	test68	1306	.L	.	==	8	8	alti_saliency	1258	back	0.010676	"  \t }\n \tif  address Config .L oop [SOURCE:back] Address  !=  """"  {\n \t \tadd rs  ="	<|im_end|> \n <|im_start|> assistant \n \t \tif  addr [TARGET:.L] oc ality  ==  ro ach pb .L oc	\n\t\tif addr.Locality == roachpb.Locality_SELF {\n\t\t\tcontinue\n\t\t}\n\t\taddrs = append(addrs, addr.Address)	\n\t\tif addr == addressConfig.LoopbackAddress {\n\t\t\tcontinue\n\t\t}\n\t\taddrs = append(addrs, addr)	spurious_correlation_results/human_annotation/full_code/test68/generated.go	spurious_correlation_results/human_annotation/full_code/test68/reference.go	spurious_correlation_results/human_annotation/full_code/test68/generated_completion.txt	spurious_correlation_results/human_annotation/full_code/test68/reference_completion.txt	spurious_correlation_results/human_annotation/full_code/test68/prompt.txt			
test68_t1306_s09	21	9	68	test68	1306	.L	.	==	9	9	alti_saliency	1232	Addresses	0.010383	,   0 ,  len (address Config .Remote [SOURCE:Addresses] )+ 1 )\n \tfor  _,  addr  :=  range	<|im_end|> \n <|im_start|> assistant \n \t \tif  addr [TARGET:.L] oc ality  ==  ro ach pb .L oc	\n\t\tif addr.Locality == roachpb.Locality_SELF {\n\t\t\tcontinue\n\t\t}\n\t\taddrs = append(addrs, addr.Address)	\n\t\tif addr == addressConfig.LoopbackAddress {\n\t\t\tcontinue\n\t\t}\n\t\taddrs = append(addrs, addr)	spurious_correlation_results/human_annotation/full_code/test68/generated.go	spurious_correlation_results/human_annotation/full_code/test68/reference.go	spurious_correlation_results/human_annotation/full_code/test68/generated_completion.txt	spurious_correlation_results/human_annotation/full_code/test68/reference_completion.txt	spurious_correlation_results/human_annotation/full_code/test68/prompt.txt			
test68_t1306_s10	21	10	68	test68	1306	.L	.	==	10	10	alti_saliency	1257	oop	0.009302	">   \t }\n \tif  address Config .L [SOURCE:oop] back Address  !=  """"  {\n \t \tadd rs"	<|im_end|> \n <|im_start|> assistant \n \t \tif  addr [TARGET:.L] oc ality  ==  ro ach pb .L oc	\n\t\tif addr.Locality == roachpb.Locality_SELF {\n\t\t\tcontinue\n\t\t}\n\t\taddrs = append(addrs, addr.Address)	\n\t\tif addr == addressConfig.LoopbackAddress {\n\t\t\tcontinue\n\t\t}\n\t\taddrs = append(addrs, addr)	spurious_correlation_results/human_annotation/full_code/test68/generated.go	spurious_correlation_results/human_annotation/full_code/test68/reference.go	spurious_correlation_results/human_annotation/full_code/test68/generated_completion.txt	spurious_correlation_results/human_annotation/full_code/test68/reference_completion.txt	spurious_correlation_results/human_annotation/full_code/test68/prompt.txt			
test69_t1081_s01	22	1	69	test69	1081	\tlog	log	if	1	1	alti_saliency	1042	.Remove	0.014799	\n \t }\n \tif  err  :=  ss .fs [SOURCE:.Remove] (filename );  err  !=  nil  {  < M	" are  returned <|im_end|> \n <|im_start|> assistant \n \t [TARGET:\tlog] .K v Exec .Fatalf (ctx ,  "" unexpected"	"\n\t\tlog.KvExec.Fatalf(ctx, ""unexpected error pruning sideloaded file %s: %v"",\n\t\t\tfilename, err)"	\n\t\tif oserror.IsNotExist(err) {\n\t\t\treturn 0, errSideloadedFileNotFound\n\t\t}\n\t\treturn 0, err	spurious_correlation_results/human_annotation/full_code/test69/generated.go	spurious_correlation_results/human_annotation/full_code/test69/reference.go	spurious_correlation_results/human_annotation/full_code/test69/generated_completion.txt	spurious_correlation_results/human_annotation/full_code/test69/reference_completion.txt	spurious_correlation_results/human_annotation/full_code/test69/prompt.txt			
test69_t1081_s02	22	2	69	test69	1081	\tlog	log	if	2	2	alti_saliency	987	func	0.010244	))  (( int 6 4 ,  error ))\n [SOURCE:func]  ( ss  * Disk S idel oad Storage	" are  returned <|im_end|> \n <|im_start|> assistant \n \t [TARGET:\tlog] .K v Exec .Fatalf (ctx ,  "" unexpected"	"\n\t\tlog.KvExec.Fatalf(ctx, ""unexpected error pruning sideloaded file %s: %v"",\n\t\t\tfilename, err)"	\n\t\tif oserror.IsNotExist(err) {\n\t\t\treturn 0, errSideloadedFileNotFound\n\t\t}\n\t\treturn 0, err	spurious_correlation_results/human_annotation/full_code/test69/generated.go	spurious_correlation_results/human_annotation/full_code/test69/reference.go	spurious_correlation_results/human_annotation/full_code/test69/generated_completion.txt	spurious_correlation_results/human_annotation/full_code/test69/reference_completion.txt	spurious_correlation_results/human_annotation/full_code/test69/prompt.txt			
test69_t1081_s03	22	3	69	test69	1081	\tlog	log	if	3	3	alti_saliency	69	roach	0.009859	 the  package  path : github .com / cock [SOURCE:roach] db / cock roach /pkg /k v /k	" are  returned <|im_end|> \n <|im_start|> assistant \n \t [TARGET:\tlog] .K v Exec .Fatalf (ctx ,  "" unexpected"	"\n\t\tlog.KvExec.Fatalf(ctx, ""unexpected error pruning sideloaded file %s: %v"",\n\t\t\tfilename, err)"	\n\t\tif oserror.IsNotExist(err) {\n\t\t\treturn 0, errSideloadedFileNotFound\n\t\t}\n\t\treturn 0, err	spurious_correlation_results/human_annotation/full_code/test69/generated.go	spurious_correlation_results/human_annotation/full_code/test69/reference.go	spurious_correlation_results/human_annotation/full_code/test69/generated_completion.txt	spurious_correlation_results/human_annotation/full_code/test69/reference_completion.txt	spurious_correlation_results/human_annotation/full_code/test69/prompt.txt			
test69_t1081_s04	22	4	69	test69	1081	\tlog	log	if	4	4	alti_saliency	1044	);	0.009588	}\n \tif  err  :=  ss .fs .Remove (filename [SOURCE:);]  err  !=  nil  {  < M ID >	" are  returned <|im_end|> \n <|im_start|> assistant \n \t [TARGET:\tlog] .K v Exec .Fatalf (ctx ,  "" unexpected"	"\n\t\tlog.KvExec.Fatalf(ctx, ""unexpected error pruning sideloaded file %s: %v"",\n\t\t\tfilename, err)"	\n\t\tif oserror.IsNotExist(err) {\n\t\t\treturn 0, errSideloadedFileNotFound\n\t\t}\n\t\treturn 0, err	spurious_correlation_results/human_annotation/full_code/test69/generated.go	spurious_correlation_results/human_annotation/full_code/test69/reference.go	spurious_correlation_results/human_annotation/full_code/test69/generated_completion.txt	spurious_correlation_results/human_annotation/full_code/test69/reference_completion.txt	spurious_correlation_results/human_annotation/full_code/test69/prompt.txt			
test69_t1081_s05	22	5	69	test69	1081	\tlog	log	if	5	5	alti_saliency	1047	 nil	0.009578	 :=  ss .fs .Remove (filename );  err  != [SOURCE: nil]  {  < M ID >   \t }\n	" are  returned <|im_end|> \n <|im_start|> assistant \n \t [TARGET:\tlog] .K v Exec .Fatalf (ctx ,  "" unexpected"	"\n\t\tlog.KvExec.Fatalf(ctx, ""unexpected error pruning sideloaded file %s: %v"",\n\t\t\tfilename, err)"	\n\t\tif oserror.IsNotExist(err) {\n\t\t\treturn 0, errSideloadedFileNotFound\n\t\t}\n\t\treturn 0, err	spurious_correlation_results/human_annotation/full_code/test69/generated.go	spurious_correlation_results/human_annotation/full_code/test69/reference.go	spurious_correlation_results/human_annotation/full_code/test69/generated_completion.txt	spurious_correlation_results/human_annotation/full_code/test69/reference_completion.txt	spurious_correlation_results/human_annotation/full_code/test69/prompt.txt			
test69_t1081_s06	22	6	69	test69	1081	\tlog	log	if	6	6	alti_saliency	1039	 :=	0.009414	0 ,  err \n \t }\n \tif  err [SOURCE: :=]  ss .fs .Remove (filename );  err  !=  nil	" are  returned <|im_end|> \n <|im_start|> assistant \n \t [TARGET:\tlog] .K v Exec .Fatalf (ctx ,  "" unexpected"	"\n\t\tlog.KvExec.Fatalf(ctx, ""unexpected error pruning sideloaded file %s: %v"",\n\t\t\tfilename, err)"	\n\t\tif oserror.IsNotExist(err) {\n\t\t\treturn 0, errSideloadedFileNotFound\n\t\t}\n\t\treturn 0, err	spurious_correlation_results/human_annotation/full_code/test69/generated.go	spurious_correlation_results/human_annotation/full_code/test69/reference.go	spurious_correlation_results/human_annotation/full_code/test69/generated_completion.txt	spurious_correlation_results/human_annotation/full_code/test69/reference_completion.txt	spurious_correlation_results/human_annotation/full_code/test69/prompt.txt			
test69_t1081_s07	22	7	69	test69	1081	\tlog	log	if	7	7	alti_saliency	873	func	0.008422	.filename (ctx ,  index ,  term ))\n }\n\n [SOURCE:func]  ( ss  * Disk S idel oad Storage	" are  returned <|im_end|> \n <|im_start|> assistant \n \t [TARGET:\tlog] .K v Exec .Fatalf (ctx ,  "" unexpected"	"\n\t\tlog.KvExec.Fatalf(ctx, ""unexpected error pruning sideloaded file %s: %v"",\n\t\t\tfilename, err)"	\n\t\tif oserror.IsNotExist(err) {\n\t\t\treturn 0, errSideloadedFileNotFound\n\t\t}\n\t\treturn 0, err	spurious_correlation_results/human_annotation/full_code/test69/generated.go	spurious_correlation_results/human_annotation/full_code/test69/reference.go	spurious_correlation_results/human_annotation/full_code/test69/generated_completion.txt	spurious_correlation_results/human_annotation/full_code/test69/reference_completion.txt	spurious_correlation_results/human_annotation/full_code/test69/prompt.txt			
test69_t1081_s08	22	8	69	test69	1081	\tlog	log	if	8	8	alti_saliency	1046	 !=	0.008035	 err  :=  ss .fs .Remove (filename );  err [SOURCE: !=]  nil  {  < M ID >   \t	" are  returned <|im_end|> \n <|im_start|> assistant \n \t [TARGET:\tlog] .K v Exec .Fatalf (ctx ,  "" unexpected"	"\n\t\tlog.KvExec.Fatalf(ctx, ""unexpected error pruning sideloaded file %s: %v"",\n\t\t\tfilename, err)"	\n\t\tif oserror.IsNotExist(err) {\n\t\t\treturn 0, errSideloadedFileNotFound\n\t\t}\n\t\treturn 0, err	spurious_correlation_results/human_annotation/full_code/test69/generated.go	spurious_correlation_results/human_annotation/full_code/test69/reference.go	spurious_correlation_results/human_annotation/full_code/test69/generated_completion.txt	spurious_correlation_results/human_annotation/full_code/test69/reference_completion.txt	spurious_correlation_results/human_annotation/full_code/test69/prompt.txt			
test69_t1081_s09	22	9	69	test69	1081	\tlog	log	if	9	9	alti_saliency	73	roach	0.00771	github .com / cock roach db / cock [SOURCE:roach] /pkg /k v /k v server /log store	" are  returned <|im_end|> \n <|im_start|> assistant \n \t [TARGET:\tlog] .K v Exec .Fatalf (ctx ,  "" unexpected"	"\n\t\tlog.KvExec.Fatalf(ctx, ""unexpected error pruning sideloaded file %s: %v"",\n\t\t\tfilename, err)"	\n\t\tif oserror.IsNotExist(err) {\n\t\t\treturn 0, errSideloadedFileNotFound\n\t\t}\n\t\treturn 0, err	spurious_correlation_results/human_annotation/full_code/test69/generated.go	spurious_correlation_results/human_annotation/full_code/test69/reference.go	spurious_correlation_results/human_annotation/full_code/test69/generated_completion.txt	spurious_correlation_results/human_annotation/full_code/test69/reference_completion.txt	spurious_correlation_results/human_annotation/full_code/test69/prompt.txt			
test69_t1081_s10	22	10	69	test69	1081	\tlog	log	if	10	10	alti_saliency	1037	\tif	0.007208	\treturn   0 ,  err \n \t }\n [SOURCE:\tif]  err  :=  ss .fs .Remove (filename );  err	" are  returned <|im_end|> \n <|im_start|> assistant \n \t [TARGET:\tlog] .K v Exec .Fatalf (ctx ,  "" unexpected"	"\n\t\tlog.KvExec.Fatalf(ctx, ""unexpected error pruning sideloaded file %s: %v"",\n\t\t\tfilename, err)"	\n\t\tif oserror.IsNotExist(err) {\n\t\t\treturn 0, errSideloadedFileNotFound\n\t\t}\n\t\treturn 0, err	spurious_correlation_results/human_annotation/full_code/test69/generated.go	spurious_correlation_results/human_annotation/full_code/test69/reference.go	spurious_correlation_results/human_annotation/full_code/test69/generated_completion.txt	spurious_correlation_results/human_annotation/full_code/test69/reference_completion.txt	spurious_correlation_results/human_annotation/full_code/test69/prompt.txt			
test70_t1288_s01	23	1	70	test70	1288	SELECT	SELECT	`SELECT EXISTS (SELECT * FROM [SHOW REGIONS FROM DATABASE])`	1	1	alti_saliency	282	WITH	0.016105	 og .scan Bool (ctx ,  tx ,  `\n [SOURCE:WITH]  enum _members  AS  (\n \tSELECT \n \t\t\t \tjson	assistant \n \t \ttx ,\n \t \t ` [TARGET:SELECT] \n \t EX ISTS (\n \t  SELECT  	\n\t\ttx,\n\t\t`SELECT\n\tEXISTS(\n\t SELECT 1\n\t FROM\n\t\t system.locality_configurations\n\t WHERE\n\t\t id	\n\t\ttx,\n\t\t`SELECT EXISTS (SELECT * FROM [SHOW REGIONS FROM DATABASE])`,\n\t)	spurious_correlation_results/human_annotation/full_code/test70/generated.go	spurious_correlation_results/human_annotation/full_code/test70/reference.go	spurious_correlation_results/human_annotation/full_code/test70/generated_completion.txt	spurious_correlation_results/human_annotation/full_code/test70/reference_completion.txt	spurious_correlation_results/human_annotation/full_code/test70/prompt.txt			
test70_t1288_s02	23	2	70	test70	1288	SELECT	SELECT	`SELECT EXISTS (SELECT * FROM [SHOW REGIONS FROM DATABASE])`	2	2	alti_saliency	69	roach	0.007666	 the  package  path : github .com / cock [SOURCE:roach] db / cock roach /pkg /work load /s	assistant \n \t \ttx ,\n \t \t ` [TARGET:SELECT] \n \t EX ISTS (\n \t  SELECT  	\n\t\ttx,\n\t\t`SELECT\n\tEXISTS(\n\t SELECT 1\n\t FROM\n\t\t system.locality_configurations\n\t WHERE\n\t\t id	\n\t\ttx,\n\t\t`SELECT EXISTS (SELECT * FROM [SHOW REGIONS FROM DATABASE])`,\n\t)	spurious_correlation_results/human_annotation/full_code/test70/generated.go	spurious_correlation_results/human_annotation/full_code/test70/reference.go	spurious_correlation_results/human_annotation/full_code/test70/generated_completion.txt	spurious_correlation_results/human_annotation/full_code/test70/reference_completion.txt	spurious_correlation_results/human_annotation/full_code/test70/prompt.txt			
test70_t1288_s03	23	3	70	test70	1288	SELECT	SELECT	`SELECT EXISTS (SELECT * FROM [SHOW REGIONS FROM DATABASE])`	3	3	alti_saliency	287	\tSELECT	0.007614	 tx ,  `\n WITH  enum _members  AS  (\n [SOURCE:\tSELECT] \n \t\t\t \tjson _array _elements (\n \t\t\t\t\t \tcr	assistant \n \t \ttx ,\n \t \t ` [TARGET:SELECT] \n \t EX ISTS (\n \t  SELECT  	\n\t\ttx,\n\t\t`SELECT\n\tEXISTS(\n\t SELECT 1\n\t FROM\n\t\t system.locality_configurations\n\t WHERE\n\t\t id	\n\t\ttx,\n\t\t`SELECT EXISTS (SELECT * FROM [SHOW REGIONS FROM DATABASE])`,\n\t)	spurious_correlation_results/human_annotation/full_code/test70/generated.go	spurious_correlation_results/human_annotation/full_code/test70/reference.go	spurious_correlation_results/human_annotation/full_code/test70/generated_completion.txt	spurious_correlation_results/human_annotation/full_code/test70/reference_completion.txt	spurious_correlation_results/human_annotation/full_code/test70/prompt.txt			
test70_t1288_s04	23	4	70	test70	1288	SELECT	SELECT	`SELECT EXISTS (SELECT * FROM [SHOW REGIONS FROM DATABASE])`	4	4	alti_saliency	905	WITH	0.007391	]( ctx ,  og ,  tx ,  `\n [SOURCE:WITH] \n \tdes criptors \n \t \t AS  (\n	assistant \n \t \ttx ,\n \t \t ` [TARGET:SELECT] \n \t EX ISTS (\n \t  SELECT  	\n\t\ttx,\n\t\t`SELECT\n\tEXISTS(\n\t SELECT 1\n\t FROM\n\t\t system.locality_configurations\n\t WHERE\n\t\t id	\n\t\ttx,\n\t\t`SELECT EXISTS (SELECT * FROM [SHOW REGIONS FROM DATABASE])`,\n\t)	spurious_correlation_results/human_annotation/full_code/test70/generated.go	spurious_correlation_results/human_annotation/full_code/test70/reference.go	spurious_correlation_results/human_annotation/full_code/test70/generated_completion.txt	spurious_correlation_results/human_annotation/full_code/test70/reference_completion.txt	spurious_correlation_results/human_annotation/full_code/test70/prompt.txt			
test70_t1288_s05	23	5	70	test70	1288	SELECT	SELECT	`SELECT EXISTS (SELECT * FROM [SHOW REGIONS FROM DATABASE])`	5	5	alti_saliency	406	`,\n	0.006748	ELSE  false \n \t END  AS  exists \n [SOURCE:`,\n] \t \tenum ,\n \t \tval ,\n \t )\n	assistant \n \t \ttx ,\n \t \t ` [TARGET:SELECT] \n \t EX ISTS (\n \t  SELECT  	\n\t\ttx,\n\t\t`SELECT\n\tEXISTS(\n\t SELECT 1\n\t FROM\n\t\t system.locality_configurations\n\t WHERE\n\t\t id	\n\t\ttx,\n\t\t`SELECT EXISTS (SELECT * FROM [SHOW REGIONS FROM DATABASE])`,\n\t)	spurious_correlation_results/human_annotation/full_code/test70/generated.go	spurious_correlation_results/human_annotation/full_code/test70/reference.go	spurious_correlation_results/human_annotation/full_code/test70/generated_completion.txt	spurious_correlation_results/human_annotation/full_code/test70/reference_completion.txt	spurious_correlation_results/human_annotation/full_code/test70/prompt.txt			
test70_t1288_s06	23	6	70	test70	1288	SELECT	SELECT	`SELECT EXISTS (SELECT * FROM [SHOW REGIONS FROM DATABASE])`	6	6	alti_saliency	73	roach	0.006688	github .com / cock roach db / cock [SOURCE:roach] /pkg /work load /s chem ach ange  Below	assistant \n \t \ttx ,\n \t \t ` [TARGET:SELECT] \n \t EX ISTS (\n \t  SELECT  	\n\t\ttx,\n\t\t`SELECT\n\tEXISTS(\n\t SELECT 1\n\t FROM\n\t\t system.locality_configurations\n\t WHERE\n\t\t id	\n\t\ttx,\n\t\t`SELECT EXISTS (SELECT * FROM [SHOW REGIONS FROM DATABASE])`,\n\t)	spurious_correlation_results/human_annotation/full_code/test70/generated.go	spurious_correlation_results/human_annotation/full_code/test70/reference.go	spurious_correlation_results/human_annotation/full_code/test70/generated_completion.txt	spurious_correlation_results/human_annotation/full_code/test70/reference_completion.txt	spurious_correlation_results/human_annotation/full_code/test70/prompt.txt			
test70_t1288_s07	23	7	70	test70	1288	SELECT	SELECT	`SELECT EXISTS (SELECT * FROM [SHOW REGIONS FROM DATABASE])`	7	7	alti_saliency	1206	 database	0.006664	 complete  func  ( og  * operation Generator ) [SOURCE: database] Is Multi Region (( ctx  context .Context ,	assistant \n \t \ttx ,\n \t \t ` [TARGET:SELECT] \n \t EX ISTS (\n \t  SELECT  	\n\t\ttx,\n\t\t`SELECT\n\tEXISTS(\n\t SELECT 1\n\t FROM\n\t\t system.locality_configurations\n\t WHERE\n\t\t id	\n\t\ttx,\n\t\t`SELECT EXISTS (SELECT * FROM [SHOW REGIONS FROM DATABASE])`,\n\t)	spurious_correlation_results/human_annotation/full_code/test70/generated.go	spurious_correlation_results/human_annotation/full_code/test70/reference.go	spurious_correlation_results/human_annotation/full_code/test70/generated_completion.txt	spurious_correlation_results/human_annotation/full_code/test70/reference_completion.txt	spurious_correlation_results/human_annotation/full_code/test70/prompt.txt			
test70_t1288_s08	23	8	70	test70	1288	SELECT	SELECT	`SELECT EXISTS (SELECT * FROM [SHOW REGIONS FROM DATABASE])`	8	8	alti_saliency	371	SELECT	0.006637	1 0 0 0 0 0 )\n )\n [SOURCE:SELECT] \n \tC ASE  WHEN  EXISTS  (\n \t \tSELECT	assistant \n \t \ttx ,\n \t \t ` [TARGET:SELECT] \n \t EX ISTS (\n \t  SELECT  	\n\t\ttx,\n\t\t`SELECT\n\tEXISTS(\n\t SELECT 1\n\t FROM\n\t\t system.locality_configurations\n\t WHERE\n\t\t id	\n\t\ttx,\n\t\t`SELECT EXISTS (SELECT * FROM [SHOW REGIONS FROM DATABASE])`,\n\t)	spurious_correlation_results/human_annotation/full_code/test70/generated.go	spurious_correlation_results/human_annotation/full_code/test70/reference.go	spurious_correlation_results/human_annotation/full_code/test70/generated_completion.txt	spurious_correlation_results/human_annotation/full_code/test70/reference_completion.txt	spurious_correlation_results/human_annotation/full_code/test70/prompt.txt			
test70_t1288_s09	23	9	70	test70	1288	SELECT	SELECT	`SELECT EXISTS (SELECT * FROM [SHOW REGIONS FROM DATABASE])`	9	9	alti_saliency	1225	func	0.00589	x .Tx ))  (( bool ,  error ))\n [SOURCE:func]  ( og  * operation Generator )  database Is	assistant \n \t \ttx ,\n \t \t ` [TARGET:SELECT] \n \t EX ISTS (\n \t  SELECT  	\n\t\ttx,\n\t\t`SELECT\n\tEXISTS(\n\t SELECT 1\n\t FROM\n\t\t system.locality_configurations\n\t WHERE\n\t\t id	\n\t\ttx,\n\t\t`SELECT EXISTS (SELECT * FROM [SHOW REGIONS FROM DATABASE])`,\n\t)	spurious_correlation_results/human_annotation/full_code/test70/generated.go	spurious_correlation_results/human_annotation/full_code/test70/reference.go	spurious_correlation_results/human_annotation/full_code/test70/generated_completion.txt	spurious_correlation_results/human_annotation/full_code/test70/reference_completion.txt	spurious_correlation_results/human_annotation/full_code/test70/prompt.txt			
test70_t1288_s10	23	10	70	test70	1288	SELECT	SELECT	`SELECT EXISTS (SELECT * FROM [SHOW REGIONS FROM DATABASE])`	10	10	alti_saliency	437	SELECT	0.005732	\tctx ,\n \t \ttx ,\n \t \t `\n [SOURCE:SELECT] \n \tjson _array _length (\n \t \tC OA	assistant \n \t \ttx ,\n \t \t ` [TARGET:SELECT] \n \t EX ISTS (\n \t  SELECT  	\n\t\ttx,\n\t\t`SELECT\n\tEXISTS(\n\t SELECT 1\n\t FROM\n\t\t system.locality_configurations\n\t WHERE\n\t\t id	\n\t\ttx,\n\t\t`SELECT EXISTS (SELECT * FROM [SHOW REGIONS FROM DATABASE])`,\n\t)	spurious_correlation_results/human_annotation/full_code/test70/generated.go	spurious_correlation_results/human_annotation/full_code/test70/reference.go	spurious_correlation_results/human_annotation/full_code/test70/generated_completion.txt	spurious_correlation_results/human_annotation/full_code/test70/reference_completion.txt	spurious_correlation_results/human_annotation/full_code/test70/prompt.txt			
test79_t1351_s01	24	1	79	test79	1351	\tif	if	col	1	1	alti_saliency	1305	\tfor	0.021479	 {\n \ttypes  :=  s .input .Output Types ()\n [SOURCE:\tfor]  _,  ord  :=  range  s .order ing [:	 are  returned <|im_end|> \n <|im_start|> assistant \n \t [TARGET:\tif]  err  :=  s .check Type (ord .Col Idx	\n\t\tif err := s.checkType(ord.ColIdx, types[ord.ColIdx], nextChunkRow[ord.DatumIdx], prefix[ord.DatumIdx	\n\t\tcol := ord.ColIdx\n\t\tcmp, err := nextChunkRow[col].Compare(s.Ctx(), types[col], &s.alloc, s.FlowCtx.EvalCtx, &prefix[col])\n\t\tif cmp != 0 || err != nil {\n\t\t\treturn true, err\n\t\t}	spurious_correlation_results/human_annotation/full_code/test79/generated.go	spurious_correlation_results/human_annotation/full_code/test79/reference.go	spurious_correlation_results/human_annotation/full_code/test79/generated_completion.txt	spurious_correlation_results/human_annotation/full_code/test79/reference_completion.txt	spurious_correlation_results/human_annotation/full_code/test79/prompt.txt			
test79_t1351_s02	24	2	79	test79	1351	\tif	if	col	2	2	alti_saliency	1298	\ttypes	0.016115	))\n )  ( bool ,  error )  {\n [SOURCE:\ttypes]  :=  s .input .Output Types ()\n \tfor  _,	 are  returned <|im_end|> \n <|im_start|> assistant \n \t [TARGET:\tif]  err  :=  s .check Type (ord .Col Idx	\n\t\tif err := s.checkType(ord.ColIdx, types[ord.ColIdx], nextChunkRow[ord.DatumIdx], prefix[ord.DatumIdx	\n\t\tcol := ord.ColIdx\n\t\tcmp, err := nextChunkRow[col].Compare(s.Ctx(), types[col], &s.alloc, s.FlowCtx.EvalCtx, &prefix[col])\n\t\tif cmp != 0 || err != nil {\n\t\t\treturn true, err\n\t\t}	spurious_correlation_results/human_annotation/full_code/test79/generated.go	spurious_correlation_results/human_annotation/full_code/test79/reference.go	spurious_correlation_results/human_annotation/full_code/test79/generated_completion.txt	spurious_correlation_results/human_annotation/full_code/test79/reference_completion.txt	spurious_correlation_results/human_annotation/full_code/test79/prompt.txt			
test79_t1351_s03	24	3	79	test79	1351	\tif	if	col	3	3	alti_saliency	1307	 ord	0.013649	 :=  s .input .Output Types ()\n \tfor  _, [SOURCE: ord]  :=  range  s .order ing [: s .match	 are  returned <|im_end|> \n <|im_start|> assistant \n \t [TARGET:\tif]  err  :=  s .check Type (ord .Col Idx	\n\t\tif err := s.checkType(ord.ColIdx, types[ord.ColIdx], nextChunkRow[ord.DatumIdx], prefix[ord.DatumIdx	\n\t\tcol := ord.ColIdx\n\t\tcmp, err := nextChunkRow[col].Compare(s.Ctx(), types[col], &s.alloc, s.FlowCtx.EvalCtx, &prefix[col])\n\t\tif cmp != 0 || err != nil {\n\t\t\treturn true, err\n\t\t}	spurious_correlation_results/human_annotation/full_code/test79/generated.go	spurious_correlation_results/human_annotation/full_code/test79/reference.go	spurious_correlation_results/human_annotation/full_code/test79/generated_completion.txt	spurious_correlation_results/human_annotation/full_code/test79/reference_completion.txt	spurious_correlation_results/human_annotation/full_code/test79/prompt.txt			
test79_t1351_s04	24	4	79	test79	1351	\tif	if	col	4	4	alti_saliency	1313	[:	0.011212	\tfor  _,  ord  :=  range  s .order ing [SOURCE:[:] s .match Len ]  {  < M ID	 are  returned <|im_end|> \n <|im_start|> assistant \n \t [TARGET:\tif]  err  :=  s .check Type (ord .Col Idx	\n\t\tif err := s.checkType(ord.ColIdx, types[ord.ColIdx], nextChunkRow[ord.DatumIdx], prefix[ord.DatumIdx	\n\t\tcol := ord.ColIdx\n\t\tcmp, err := nextChunkRow[col].Compare(s.Ctx(), types[col], &s.alloc, s.FlowCtx.EvalCtx, &prefix[col])\n\t\tif cmp != 0 || err != nil {\n\t\t\treturn true, err\n\t\t}	spurious_correlation_results/human_annotation/full_code/test79/generated.go	spurious_correlation_results/human_annotation/full_code/test79/reference.go	spurious_correlation_results/human_annotation/full_code/test79/generated_completion.txt	spurious_correlation_results/human_annotation/full_code/test79/reference_completion.txt	spurious_correlation_results/human_annotation/full_code/test79/prompt.txt			
test79_t1351_s05	24	5	79	test79	1351	\tif	if	col	5	5	alti_saliency	1302	.Output	0.01099	,  error )  {\n \ttypes  :=  s .input [SOURCE:.Output] Types ()\n \tfor  _,  ord  :=  range  s	 are  returned <|im_end|> \n <|im_start|> assistant \n \t [TARGET:\tif]  err  :=  s .check Type (ord .Col Idx	\n\t\tif err := s.checkType(ord.ColIdx, types[ord.ColIdx], nextChunkRow[ord.DatumIdx], prefix[ord.DatumIdx	\n\t\tcol := ord.ColIdx\n\t\tcmp, err := nextChunkRow[col].Compare(s.Ctx(), types[col], &s.alloc, s.FlowCtx.EvalCtx, &prefix[col])\n\t\tif cmp != 0 || err != nil {\n\t\t\treturn true, err\n\t\t}	spurious_correlation_results/human_annotation/full_code/test79/generated.go	spurious_correlation_results/human_annotation/full_code/test79/reference.go	spurious_correlation_results/human_annotation/full_code/test79/generated_completion.txt	spurious_correlation_results/human_annotation/full_code/test79/reference_completion.txt	spurious_correlation_results/human_annotation/full_code/test79/prompt.txt			
test79_t1351_s06	24	6	79	test79	1351	\tif	if	col	6	6	alti_saliency	1306	 _,	0.009897	\ttypes  :=  s .input .Output Types ()\n \tfor [SOURCE: _,]  ord  :=  range  s .order ing [: s	 are  returned <|im_end|> \n <|im_start|> assistant \n \t [TARGET:\tif]  err  :=  s .check Type (ord .Col Idx	\n\t\tif err := s.checkType(ord.ColIdx, types[ord.ColIdx], nextChunkRow[ord.DatumIdx], prefix[ord.DatumIdx	\n\t\tcol := ord.ColIdx\n\t\tcmp, err := nextChunkRow[col].Compare(s.Ctx(), types[col], &s.alloc, s.FlowCtx.EvalCtx, &prefix[col])\n\t\tif cmp != 0 || err != nil {\n\t\t\treturn true, err\n\t\t}	spurious_correlation_results/human_annotation/full_code/test79/generated.go	spurious_correlation_results/human_annotation/full_code/test79/reference.go	spurious_correlation_results/human_annotation/full_code/test79/generated_completion.txt	spurious_correlation_results/human_annotation/full_code/test79/reference_completion.txt	spurious_correlation_results/human_annotation/full_code/test79/prompt.txt			
test79_t1351_s07	24	7	79	test79	1351	\tif	if	col	7	7	alti_saliency	1299	 :=	0.009472	)  ( bool ,  error )  {\n \ttypes [SOURCE: :=]  s .input .Output Types ()\n \tfor  _,  ord	 are  returned <|im_end|> \n <|im_start|> assistant \n \t [TARGET:\tif]  err  :=  s .check Type (ord .Col Idx	\n\t\tif err := s.checkType(ord.ColIdx, types[ord.ColIdx], nextChunkRow[ord.DatumIdx], prefix[ord.DatumIdx	\n\t\tcol := ord.ColIdx\n\t\tcmp, err := nextChunkRow[col].Compare(s.Ctx(), types[col], &s.alloc, s.FlowCtx.EvalCtx, &prefix[col])\n\t\tif cmp != 0 || err != nil {\n\t\t\treturn true, err\n\t\t}	spurious_correlation_results/human_annotation/full_code/test79/generated.go	spurious_correlation_results/human_annotation/full_code/test79/reference.go	spurious_correlation_results/human_annotation/full_code/test79/generated_completion.txt	spurious_correlation_results/human_annotation/full_code/test79/reference_completion.txt	spurious_correlation_results/human_annotation/full_code/test79/prompt.txt			
test79_t1351_s08	24	8	79	test79	1351	\tif	if	col	8	8	alti_saliency	1308	 :=	0.008735	 s .input .Output Types ()\n \tfor  _,  ord [SOURCE: :=]  range  s .order ing [: s .match Len	 are  returned <|im_end|> \n <|im_start|> assistant \n \t [TARGET:\tif]  err  :=  s .check Type (ord .Col Idx	\n\t\tif err := s.checkType(ord.ColIdx, types[ord.ColIdx], nextChunkRow[ord.DatumIdx], prefix[ord.DatumIdx	\n\t\tcol := ord.ColIdx\n\t\tcmp, err := nextChunkRow[col].Compare(s.Ctx(), types[col], &s.alloc, s.FlowCtx.EvalCtx, &prefix[col])\n\t\tif cmp != 0 || err != nil {\n\t\t\treturn true, err\n\t\t}	spurious_correlation_results/human_annotation/full_code/test79/generated.go	spurious_correlation_results/human_annotation/full_code/test79/reference.go	spurious_correlation_results/human_annotation/full_code/test79/generated_completion.txt	spurious_correlation_results/human_annotation/full_code/test79/reference_completion.txt	spurious_correlation_results/human_annotation/full_code/test79/prompt.txt			
test79_t1351_s09	24	9	79	test79	1351	\tif	if	col	9	9	alti_saliency	69	roach	0.008457	 the  package  path : github .com / cock [SOURCE:roach] db / cock roach /pkg /sql / row	 are  returned <|im_end|> \n <|im_start|> assistant \n \t [TARGET:\tif]  err  :=  s .check Type (ord .Col Idx	\n\t\tif err := s.checkType(ord.ColIdx, types[ord.ColIdx], nextChunkRow[ord.DatumIdx], prefix[ord.DatumIdx	\n\t\tcol := ord.ColIdx\n\t\tcmp, err := nextChunkRow[col].Compare(s.Ctx(), types[col], &s.alloc, s.FlowCtx.EvalCtx, &prefix[col])\n\t\tif cmp != 0 || err != nil {\n\t\t\treturn true, err\n\t\t}	spurious_correlation_results/human_annotation/full_code/test79/generated.go	spurious_correlation_results/human_annotation/full_code/test79/reference.go	spurious_correlation_results/human_annotation/full_code/test79/generated_completion.txt	spurious_correlation_results/human_annotation/full_code/test79/reference_completion.txt	spurious_correlation_results/human_annotation/full_code/test79/prompt.txt			
test79_t1351_s10	24	10	79	test79	1351	\tif	if	col	10	10	alti_saliency	1304	()\n	0.008363	)  {\n \ttypes  :=  s .input .Output Types [SOURCE:()\n] \tfor  _,  ord  :=  range  s .order ing	 are  returned <|im_end|> \n <|im_start|> assistant \n \t [TARGET:\tif]  err  :=  s .check Type (ord .Col Idx	\n\t\tif err := s.checkType(ord.ColIdx, types[ord.ColIdx], nextChunkRow[ord.DatumIdx], prefix[ord.DatumIdx	\n\t\tcol := ord.ColIdx\n\t\tcmp, err := nextChunkRow[col].Compare(s.Ctx(), types[col], &s.alloc, s.FlowCtx.EvalCtx, &prefix[col])\n\t\tif cmp != 0 || err != nil {\n\t\t\treturn true, err\n\t\t}	spurious_correlation_results/human_annotation/full_code/test79/generated.go	spurious_correlation_results/human_annotation/full_code/test79/reference.go	spurious_correlation_results/human_annotation/full_code/test79/generated_completion.txt	spurious_correlation_results/human_annotation/full_code/test79/reference_completion.txt	spurious_correlation_results/human_annotation/full_code/test79/prompt.txt			
test84_t347_s01	25	1	84	test84	347	Initial	InitialAnnotationString	FmtAnnotations	1	1	alti_saliency	303	Ctx	0.030177	.Red actable String  {\n \tf  :=  New Fmt [SOURCE:Ctx] (\n \t \tfs ,  < M ID >	 returned <|im_end|> \n <|im_start|> assistant \n \t \t [TARGET:Initial] Annotation String :  ann .String (),\n \t ).	\n\t\tInitialAnnotationString: ann.String(),\n\t).SetContentType(ContentTypeSQL)	\n\t\tFmtAnnotations(ann),\n\t)\n\tf.FormatNode(rootAST)\n\tformattedRedactableStatementString := f.CloseAndGetString()	spurious_correlation_results/human_annotation/full_code/test84/generated.go	spurious_correlation_results/human_annotation/full_code/test84/reference.go	spurious_correlation_results/human_annotation/full_code/test84/generated_completion.txt	spurious_correlation_results/human_annotation/full_code/test84/reference_completion.txt	spurious_correlation_results/human_annotation/full_code/test84/prompt.txt			
test84_t347_s02	25	2	84	test84	347	Initial	InitialAnnotationString	FmtAnnotations	2	2	alti_saliency	302	Fmt	0.024862	act .Red actable String  {\n \tf  :=  New [SOURCE:Fmt] Ctx (\n \t \tfs ,  < M ID	 returned <|im_end|> \n <|im_start|> assistant \n \t \t [TARGET:Initial] Annotation String :  ann .String (),\n \t ).	\n\t\tInitialAnnotationString: ann.String(),\n\t).SetContentType(ContentTypeSQL)	\n\t\tFmtAnnotations(ann),\n\t)\n\tf.FormatNode(rootAST)\n\tformattedRedactableStatementString := f.CloseAndGetString()	spurious_correlation_results/human_annotation/full_code/test84/generated.go	spurious_correlation_results/human_annotation/full_code/test84/reference.go	spurious_correlation_results/human_annotation/full_code/test84/generated_completion.txt	spurious_correlation_results/human_annotation/full_code/test84/reference_completion.txt	spurious_correlation_results/human_annotation/full_code/test84/prompt.txt			
test84_t347_s03	25	3	84	test84	347	Initial	InitialAnnotationString	FmtAnnotations	3	3	alti_saliency	150	 ann	0.021669	 the  function  is  ( root AST  Statement , [SOURCE: ann]  * Annotations ,  fs  F mt Flags )	 returned <|im_end|> \n <|im_start|> assistant \n \t \t [TARGET:Initial] Annotation String :  ann .String (),\n \t ).	\n\t\tInitialAnnotationString: ann.String(),\n\t).SetContentType(ContentTypeSQL)	\n\t\tFmtAnnotations(ann),\n\t)\n\tf.FormatNode(rootAST)\n\tformattedRedactableStatementString := f.CloseAndGetString()	spurious_correlation_results/human_annotation/full_code/test84/generated.go	spurious_correlation_results/human_annotation/full_code/test84/reference.go	spurious_correlation_results/human_annotation/full_code/test84/generated_completion.txt	spurious_correlation_results/human_annotation/full_code/test84/reference_completion.txt	spurious_correlation_results/human_annotation/full_code/test84/prompt.txt			
test84_t347_s04	25	4	84	test84	347	Initial	InitialAnnotationString	FmtAnnotations	4	4	alti_saliency	152	Annotations	0.018383	 is  ( root AST  Statement ,  ann  * [SOURCE:Annotations] ,  fs  F mt Flags )  The  return	 returned <|im_end|> \n <|im_start|> assistant \n \t \t [TARGET:Initial] Annotation String :  ann .String (),\n \t ).	\n\t\tInitialAnnotationString: ann.String(),\n\t).SetContentType(ContentTypeSQL)	\n\t\tFmtAnnotations(ann),\n\t)\n\tf.FormatNode(rootAST)\n\tformattedRedactableStatementString := f.CloseAndGetString()	spurious_correlation_results/human_annotation/full_code/test84/generated.go	spurious_correlation_results/human_annotation/full_code/test84/reference.go	spurious_correlation_results/human_annotation/full_code/test84/generated_completion.txt	spurious_correlation_results/human_annotation/full_code/test84/reference_completion.txt	spurious_correlation_results/human_annotation/full_code/test84/prompt.txt			
test84_t347_s05	25	5	84	test84	347	Initial	InitialAnnotationString	FmtAnnotations	5	5	alti_saliency	300	 :=	0.018227	)  red act .Red actable String  {\n \tf [SOURCE: :=]  New Fmt Ctx (\n \t \tfs ,  <	 returned <|im_end|> \n <|im_start|> assistant \n \t \t [TARGET:Initial] Annotation String :  ann .String (),\n \t ).	\n\t\tInitialAnnotationString: ann.String(),\n\t).SetContentType(ContentTypeSQL)	\n\t\tFmtAnnotations(ann),\n\t)\n\tf.FormatNode(rootAST)\n\tformattedRedactableStatementString := f.CloseAndGetString()	spurious_correlation_results/human_annotation/full_code/test84/generated.go	spurious_correlation_results/human_annotation/full_code/test84/reference.go	spurious_correlation_results/human_annotation/full_code/test84/generated_completion.txt	spurious_correlation_results/human_annotation/full_code/test84/reference_completion.txt	spurious_correlation_results/human_annotation/full_code/test84/prompt.txt			
test84_t347_s06	25	6	84	test84	347	Initial	InitialAnnotationString	FmtAnnotations	6	6	alti_saliency	73	roach	0.017143	github .com / cock roach db / cock [SOURCE:roach] /pkg /sql / sem /tree  Below  is  the	 returned <|im_end|> \n <|im_start|> assistant \n \t \t [TARGET:Initial] Annotation String :  ann .String (),\n \t ).	\n\t\tInitialAnnotationString: ann.String(),\n\t).SetContentType(ContentTypeSQL)	\n\t\tFmtAnnotations(ann),\n\t)\n\tf.FormatNode(rootAST)\n\tformattedRedactableStatementString := f.CloseAndGetString()	spurious_correlation_results/human_annotation/full_code/test84/generated.go	spurious_correlation_results/human_annotation/full_code/test84/reference.go	spurious_correlation_results/human_annotation/full_code/test84/generated_completion.txt	spurious_correlation_results/human_annotation/full_code/test84/reference_completion.txt	spurious_correlation_results/human_annotation/full_code/test84/prompt.txt			
test84_t347_s07	25	7	84	test84	347	Initial	InitialAnnotationString	FmtAnnotations	7	7	alti_saliency	69	roach	0.015254	 the  package  path : github .com / cock [SOURCE:roach] db / cock roach /pkg /sql / sem	 returned <|im_end|> \n <|im_start|> assistant \n \t \t [TARGET:Initial] Annotation String :  ann .String (),\n \t ).	\n\t\tInitialAnnotationString: ann.String(),\n\t).SetContentType(ContentTypeSQL)	\n\t\tFmtAnnotations(ann),\n\t)\n\tf.FormatNode(rootAST)\n\tformattedRedactableStatementString := f.CloseAndGetString()	spurious_correlation_results/human_annotation/full_code/test84/generated.go	spurious_correlation_results/human_annotation/full_code/test84/reference.go	spurious_correlation_results/human_annotation/full_code/test84/generated_completion.txt	spurious_correlation_results/human_annotation/full_code/test84/reference_completion.txt	spurious_correlation_results/human_annotation/full_code/test84/prompt.txt			
test84_t347_s08	25	8	84	test84	347	Initial	InitialAnnotationString	FmtAnnotations	8	8	alti_saliency	146	root	0.013569	 or  not  exist  of  the  function  is  ( [SOURCE:root] AST  Statement ,  ann  * Annotations ,  fs	 returned <|im_end|> \n <|im_start|> assistant \n \t \t [TARGET:Initial] Annotation String :  ann .String (),\n \t ).	\n\t\tInitialAnnotationString: ann.String(),\n\t).SetContentType(ContentTypeSQL)	\n\t\tFmtAnnotations(ann),\n\t)\n\tf.FormatNode(rootAST)\n\tformattedRedactableStatementString := f.CloseAndGetString()	spurious_correlation_results/human_annotation/full_code/test84/generated.go	spurious_correlation_results/human_annotation/full_code/test84/reference.go	spurious_correlation_results/human_annotation/full_code/test84/generated_completion.txt	spurious_correlation_results/human_annotation/full_code/test84/reference_completion.txt	spurious_correlation_results/human_annotation/full_code/test84/prompt.txt			
test84_t347_s09	25	9	84	test84	347	Initial	InitialAnnotationString	FmtAnnotations	9	9	alti_saliency	301	 New	0.012691	 red act .Red actable String  {\n \tf  := [SOURCE: New] Fmt Ctx (\n \t \tfs ,  < M	 returned <|im_end|> \n <|im_start|> assistant \n \t \t [TARGET:Initial] Annotation String :  ann .String (),\n \t ).	\n\t\tInitialAnnotationString: ann.String(),\n\t).SetContentType(ContentTypeSQL)	\n\t\tFmtAnnotations(ann),\n\t)\n\tf.FormatNode(rootAST)\n\tformattedRedactableStatementString := f.CloseAndGetString()	spurious_correlation_results/human_annotation/full_code/test84/generated.go	spurious_correlation_results/human_annotation/full_code/test84/reference.go	spurious_correlation_results/human_annotation/full_code/test84/generated_completion.txt	spurious_correlation_results/human_annotation/full_code/test84/reference_completion.txt	spurious_correlation_results/human_annotation/full_code/test84/prompt.txt			
test84_t347_s10	25	10	84	test84	347	Initial	InitialAnnotationString	FmtAnnotations	10	10	alti_saliency	65	github	0.012689	 content .  Below  is  the  package  path : [SOURCE:github] .com / cock roach db / cock roach	 returned <|im_end|> \n <|im_start|> assistant \n \t \t [TARGET:Initial] Annotation String :  ann .String (),\n \t ).	\n\t\tInitialAnnotationString: ann.String(),\n\t).SetContentType(ContentTypeSQL)	\n\t\tFmtAnnotations(ann),\n\t)\n\tf.FormatNode(rootAST)\n\tformattedRedactableStatementString := f.CloseAndGetString()	spurious_correlation_results/human_annotation/full_code/test84/generated.go	spurious_correlation_results/human_annotation/full_code/test84/reference.go	spurious_correlation_results/human_annotation/full_code/test84/generated_completion.txt	spurious_correlation_results/human_annotation/full_code/test84/reference_completion.txt	spurious_correlation_results/human_annotation/full_code/test84/prompt.txt			
test86_t584_s01	26	1	86	test86	584	.With	With	Lock	1	1	alti_saliency	67	/go	0.023485	 Below  is  the  package  path : github .com [SOURCE:/go] -kit / kit /m etrics /g eneric  Below	 returned <|im_end|> \n <|im_start|> assistant \n \th .h [TARGET:.With] (h .l vs ). Ob serve (value )\n	\n\th.h.With(h.lvs).Observe(value)\n\tatomic.AddInt64(&h.h.count, 1)	\n\th.h.Lock()\n\tdefer h.h.Unlock()\n\th.h.Add(value)	spurious_correlation_results/human_annotation/full_code/test86/generated.go	spurious_correlation_results/human_annotation/full_code/test86/reference.go	spurious_correlation_results/human_annotation/full_code/test86/generated_completion.txt	spurious_correlation_results/human_annotation/full_code/test86/reference_completion.txt	spurious_correlation_results/human_annotation/full_code/test86/prompt.txt			
test86_t584_s02	26	2	86	test86	584	.With	With	Lock	2	2	alti_saliency	68	-kit	0.021337	 is  the  package  path : github .com /go [SOURCE:-kit] / kit /m etrics /g eneric  Below  is	 returned <|im_end|> \n <|im_start|> assistant \n \th .h [TARGET:.With] (h .l vs ). Ob serve (value )\n	\n\th.h.With(h.lvs).Observe(value)\n\tatomic.AddInt64(&h.h.count, 1)	\n\th.h.Lock()\n\tdefer h.h.Unlock()\n\th.h.Add(value)	spurious_correlation_results/human_annotation/full_code/test86/generated.go	spurious_correlation_results/human_annotation/full_code/test86/reference.go	spurious_correlation_results/human_annotation/full_code/test86/generated_completion.txt	spurious_correlation_results/human_annotation/full_code/test86/reference_completion.txt	spurious_correlation_results/human_annotation/full_code/test86/prompt.txt			
test86_t584_s03	26	3	86	test86	584	.With	With	Lock	3	3	alti_saliency	120	istogram	0.021124	"github .com /V ivid C ortex /g oh [SOURCE:istogram] "";  "" github .com /go -kit / kit"	 returned <|im_end|> \n <|im_start|> assistant \n \th .h [TARGET:.With] (h .l vs ). Ob serve (value )\n	\n\th.h.With(h.lvs).Observe(value)\n\tatomic.AddInt64(&h.h.count, 1)	\n\th.h.Lock()\n\tdefer h.h.Unlock()\n\th.h.Add(value)	spurious_correlation_results/human_annotation/full_code/test86/generated.go	spurious_correlation_results/human_annotation/full_code/test86/reference.go	spurious_correlation_results/human_annotation/full_code/test86/generated_completion.txt	spurious_correlation_results/human_annotation/full_code/test86/reference_completion.txt	spurious_correlation_results/human_annotation/full_code/test86/prompt.txt			
test86_t584_s04	26	4	86	test86	584	.With	With	Lock	4	4	alti_saliency	170	safe	0.019142	   lv .Label Values \n \th      * [SOURCE:safe] Histogram \n }\n\n //  Methods :\n -  func	 returned <|im_end|> \n <|im_start|> assistant \n \th .h [TARGET:.With] (h .l vs ). Ob serve (value )\n	\n\th.h.With(h.lvs).Observe(value)\n\tatomic.AddInt64(&h.h.count, 1)	\n\th.h.Lock()\n\tdefer h.h.Unlock()\n\th.h.Add(value)	spurious_correlation_results/human_annotation/full_code/test86/generated.go	spurious_correlation_results/human_annotation/full_code/test86/reference.go	spurious_correlation_results/human_annotation/full_code/test86/generated_completion.txt	spurious_correlation_results/human_annotation/full_code/test86/reference_completion.txt	spurious_correlation_results/human_annotation/full_code/test86/prompt.txt			
test86_t584_s05	26	5	86	test86	584	.With	With	Lock	5	5	alti_saliency	154	 Histogram	0.018776	 receiver  struct  definitions  of  the  function  is  type [SOURCE: Histogram]  struct  {\n \tName  string \n \tl vs  	 returned <|im_end|> \n <|im_start|> assistant \n \th .h [TARGET:.With] (h .l vs ). Ob serve (value )\n	\n\th.h.With(h.lvs).Observe(value)\n\tatomic.AddInt64(&h.h.count, 1)	\n\th.h.Lock()\n\tdefer h.h.Unlock()\n\th.h.Add(value)	spurious_correlation_results/human_annotation/full_code/test86/generated.go	spurious_correlation_results/human_annotation/full_code/test86/reference.go	spurious_correlation_results/human_annotation/full_code/test86/generated_completion.txt	spurious_correlation_results/human_annotation/full_code/test86/reference_completion.txt	spurious_correlation_results/human_annotation/full_code/test86/prompt.txt			
test86_t584_s06	26	6	86	test86	584	.With	With	Lock	6	6	alti_saliency	171	Histogram	0.01501	 lv .Label Values \n \th      * safe [SOURCE:Histogram] \n }\n\n //  Methods :\n -  func  (	 returned <|im_end|> \n <|im_start|> assistant \n \th .h [TARGET:.With] (h .l vs ). Ob serve (value )\n	\n\th.h.With(h.lvs).Observe(value)\n\tatomic.AddInt64(&h.h.count, 1)	\n\th.h.Lock()\n\tdefer h.h.Unlock()\n\th.h.Add(value)	spurious_correlation_results/human_annotation/full_code/test86/generated.go	spurious_correlation_results/human_annotation/full_code/test86/reference.go	spurious_correlation_results/human_annotation/full_code/test86/generated_completion.txt	spurious_correlation_results/human_annotation/full_code/test86/reference_completion.txt	spurious_correlation_results/human_annotation/full_code/test86/prompt.txt			
test86_t584_s07	26	7	86	test86	584	.With	With	Lock	7	7	alti_saliency	72	etrics	0.014917	: github .com /go -kit / kit /m [SOURCE:etrics] /g eneric  Below  is  the  code  repository :	 returned <|im_end|> \n <|im_start|> assistant \n \th .h [TARGET:.With] (h .l vs ). Ob serve (value )\n	\n\th.h.With(h.lvs).Observe(value)\n\tatomic.AddInt64(&h.h.count, 1)	\n\th.h.Lock()\n\tdefer h.h.Unlock()\n\th.h.Add(value)	spurious_correlation_results/human_annotation/full_code/test86/generated.go	spurious_correlation_results/human_annotation/full_code/test86/reference.go	spurious_correlation_results/human_annotation/full_code/test86/generated_completion.txt	spurious_correlation_results/human_annotation/full_code/test86/reference_completion.txt	spurious_correlation_results/human_annotation/full_code/test86/prompt.txt			
test86_t584_s08	26	8	86	test86	584	.With	With	Lock	8	8	alti_saliency	62	 package	0.012584	 provided  code     content .  Below  is  the [SOURCE: package]  path : github .com /go -kit / kit	 returned <|im_end|> \n <|im_start|> assistant \n \th .h [TARGET:.With] (h .l vs ). Ob serve (value )\n	\n\th.h.With(h.lvs).Observe(value)\n\tatomic.AddInt64(&h.h.count, 1)	\n\th.h.Lock()\n\tdefer h.h.Unlock()\n\th.h.Add(value)	spurious_correlation_results/human_annotation/full_code/test86/generated.go	spurious_correlation_results/human_annotation/full_code/test86/reference.go	spurious_correlation_results/human_annotation/full_code/test86/generated_completion.txt	spurious_correlation_results/human_annotation/full_code/test86/reference_completion.txt	spurious_correlation_results/human_annotation/full_code/test86/prompt.txt			
test86_t584_s09	26	9	86	test86	584	.With	With	Lock	9	9	alti_saliency	65	github	0.01236	 content .  Below  is  the  package  path : [SOURCE:github] .com /go -kit / kit /m etrics /g	 returned <|im_end|> \n <|im_start|> assistant \n \th .h [TARGET:.With] (h .l vs ). Ob serve (value )\n	\n\th.h.With(h.lvs).Observe(value)\n\tatomic.AddInt64(&h.h.count, 1)	\n\th.h.Lock()\n\tdefer h.h.Unlock()\n\th.h.Add(value)	spurious_correlation_results/human_annotation/full_code/test86/generated.go	spurious_correlation_results/human_annotation/full_code/test86/reference.go	spurious_correlation_results/human_annotation/full_code/test86/generated_completion.txt	spurious_correlation_results/human_annotation/full_code/test86/reference_completion.txt	spurious_correlation_results/human_annotation/full_code/test86/prompt.txt			
test86_t584_s10	26	10	86	test86	584	.With	With	Lock	10	10	alti_saliency	583	.h	0.012313	 are  returned <|im_end|> \n <|im_start|> assistant \n \th [SOURCE:.h] .With (h .l vs ). Ob serve (value	 returned <|im_end|> \n <|im_start|> assistant \n \th .h [TARGET:.With] (h .l vs ). Ob serve (value )\n	\n\th.h.With(h.lvs).Observe(value)\n\tatomic.AddInt64(&h.h.count, 1)	\n\th.h.Lock()\n\tdefer h.h.Unlock()\n\th.h.Add(value)	spurious_correlation_results/human_annotation/full_code/test86/generated.go	spurious_correlation_results/human_annotation/full_code/test86/reference.go	spurious_correlation_results/human_annotation/full_code/test86/generated_completion.txt	spurious_correlation_results/human_annotation/full_code/test86/reference_completion.txt	spurious_correlation_results/human_annotation/full_code/test86/prompt.txt			
test90_t1677_s01	27	1	90	test90	1677	outer	outerColID	indexColID	1	1	alti_saliency	1525	.Out	0.012162	\t lookup Expr Cols  :=  join .Lookup Expr [SOURCE:.Out] er Cols ()\n \t \tfor  i ,  n	 returned <|im_end|> \n <|im_start|> assistant \n \t\t \t [TARGET:outer] Col ID  :=  lookup Expr Cols [n -	\n\t\t\touterColID := lookupExprCols[n-1-i]\n\t\t\tif !relational.OutputCols.Contains(outerColID) {\n\t\t\t\trelational	\n\t\t\tindexColID := join.Table.ColumnID(index.Column(i).Ordinal())\n\t\t\tif lookupExprCols.Contains(indexColID) {\n\t\t\t\trelational.OutputCols.Add(indexColID)\n\t\t\t}	spurious_correlation_results/human_annotation/full_code/test90/generated.go	spurious_correlation_results/human_annotation/full_code/test90/reference.go	spurious_correlation_results/human_annotation/full_code/test90/generated_completion.txt	spurious_correlation_results/human_annotation/full_code/test90/reference_completion.txt	spurious_correlation_results/human_annotation/full_code/test90/prompt.txt			
test90_t1677_s02	27	2	90	test90	1677	outer	outerColID	indexColID	2	2	alti_saliency	1518	lookup	0.008843	 condition  in  the  output  columns .\n \t \t [SOURCE:lookup] Expr Cols  :=  join .Lookup Expr .Out er	 returned <|im_end|> \n <|im_start|> assistant \n \t\t \t [TARGET:outer] Col ID  :=  lookup Expr Cols [n -	\n\t\t\touterColID := lookupExprCols[n-1-i]\n\t\t\tif !relational.OutputCols.Contains(outerColID) {\n\t\t\t\trelational	\n\t\t\tindexColID := join.Table.ColumnID(index.Column(i).Ordinal())\n\t\t\tif lookupExprCols.Contains(indexColID) {\n\t\t\t\trelational.OutputCols.Add(indexColID)\n\t\t\t}	spurious_correlation_results/human_annotation/full_code/test90/generated.go	spurious_correlation_results/human_annotation/full_code/test90/reference.go	spurious_correlation_results/human_annotation/full_code/test90/generated_completion.txt	spurious_correlation_results/human_annotation/full_code/test90/reference_completion.txt	spurious_correlation_results/human_annotation/full_code/test90/prompt.txt			
test90_t1677_s03	27	3	90	test90	1677	outer	outerColID	indexColID	3	3	alti_saliency	76	/opt	0.008489	cock roach db / cock roach /pkg /sql [SOURCE:/opt] /m emo  Below  is  the  code  repository :	 returned <|im_end|> \n <|im_start|> assistant \n \t\t \t [TARGET:outer] Col ID  :=  lookup Expr Cols [n -	\n\t\t\touterColID := lookupExprCols[n-1-i]\n\t\t\tif !relational.OutputCols.Contains(outerColID) {\n\t\t\t\trelational	\n\t\t\tindexColID := join.Table.ColumnID(index.Column(i).Ordinal())\n\t\t\tif lookupExprCols.Contains(indexColID) {\n\t\t\t\trelational.OutputCols.Add(indexColID)\n\t\t\t}	spurious_correlation_results/human_annotation/full_code/test90/generated.go	spurious_correlation_results/human_annotation/full_code/test90/reference.go	spurious_correlation_results/human_annotation/full_code/test90/generated_completion.txt	spurious_correlation_results/human_annotation/full_code/test90/reference_completion.txt	spurious_correlation_results/human_annotation/full_code/test90/prompt.txt			
test90_t1677_s04	27	4	90	test90	1677	outer	outerColID	indexColID	4	4	alti_saliency	1375	func	0.007769	statistics Builder ))  * props .Rel ational \n [SOURCE:func]  ensure Lookup Join Input Props (join  * Lookup	 returned <|im_end|> \n <|im_start|> assistant \n \t\t \t [TARGET:outer] Col ID  :=  lookup Expr Cols [n -	\n\t\t\touterColID := lookupExprCols[n-1-i]\n\t\t\tif !relational.OutputCols.Contains(outerColID) {\n\t\t\t\trelational	\n\t\t\tindexColID := join.Table.ColumnID(index.Column(i).Ordinal())\n\t\t\tif lookupExprCols.Contains(indexColID) {\n\t\t\t\trelational.OutputCols.Add(indexColID)\n\t\t\t}	spurious_correlation_results/human_annotation/full_code/test90/generated.go	spurious_correlation_results/human_annotation/full_code/test90/reference.go	spurious_correlation_results/human_annotation/full_code/test90/generated_completion.txt	spurious_correlation_results/human_annotation/full_code/test90/reference_completion.txt	spurious_correlation_results/human_annotation/full_code/test90/prompt.txt			
test90_t1677_s05	27	5	90	test90	1677	outer	outerColID	indexColID	5	5	alti_saliency	73	roach	0.007493	github .com / cock roach db / cock [SOURCE:roach] /pkg /sql /opt /m emo  Below  is  the	 returned <|im_end|> \n <|im_start|> assistant \n \t\t \t [TARGET:outer] Col ID  :=  lookup Expr Cols [n -	\n\t\t\touterColID := lookupExprCols[n-1-i]\n\t\t\tif !relational.OutputCols.Contains(outerColID) {\n\t\t\t\trelational	\n\t\t\tindexColID := join.Table.ColumnID(index.Column(i).Ordinal())\n\t\t\tif lookupExprCols.Contains(indexColID) {\n\t\t\t\trelational.OutputCols.Add(indexColID)\n\t\t\t}	spurious_correlation_results/human_annotation/full_code/test90/generated.go	spurious_correlation_results/human_annotation/full_code/test90/reference.go	spurious_correlation_results/human_annotation/full_code/test90/generated_completion.txt	spurious_correlation_results/human_annotation/full_code/test90/reference_completion.txt	spurious_correlation_results/human_annotation/full_code/test90/prompt.txt			
test90_t1677_s06	27	6	90	test90	1677	outer	outerColID	indexColID	6	6	alti_saliency	69	roach	0.007067	 the  package  path : github .com / cock [SOURCE:roach] db / cock roach /pkg /sql /opt /m	 returned <|im_end|> \n <|im_start|> assistant \n \t\t \t [TARGET:outer] Col ID  :=  lookup Expr Cols [n -	\n\t\t\touterColID := lookupExprCols[n-1-i]\n\t\t\tif !relational.OutputCols.Contains(outerColID) {\n\t\t\t\trelational	\n\t\t\tindexColID := join.Table.ColumnID(index.Column(i).Ordinal())\n\t\t\tif lookupExprCols.Contains(indexColID) {\n\t\t\t\trelational.OutputCols.Add(indexColID)\n\t\t\t}	spurious_correlation_results/human_annotation/full_code/test90/generated.go	spurious_correlation_results/human_annotation/full_code/test90/reference.go	spurious_correlation_results/human_annotation/full_code/test90/generated_completion.txt	spurious_correlation_results/human_annotation/full_code/test90/reference_completion.txt	spurious_correlation_results/human_annotation/full_code/test90/prompt.txt			
test90_t1677_s07	27	7	90	test90	1677	outer	outerColID	indexColID	7	7	alti_saliency	1465	\tfor	0.006198	(join .Table ). Index (join .Index )\n \t [SOURCE:\tfor]  i  :=  range  join .Key Cols  {\n \t\t	 returned <|im_end|> \n <|im_start|> assistant \n \t\t \t [TARGET:outer] Col ID  :=  lookup Expr Cols [n -	\n\t\t\touterColID := lookupExprCols[n-1-i]\n\t\t\tif !relational.OutputCols.Contains(outerColID) {\n\t\t\t\trelational	\n\t\t\tindexColID := join.Table.ColumnID(index.Column(i).Ordinal())\n\t\t\tif lookupExprCols.Contains(indexColID) {\n\t\t\t\trelational.OutputCols.Add(indexColID)\n\t\t\t}	spurious_correlation_results/human_annotation/full_code/test90/generated.go	spurious_correlation_results/human_annotation/full_code/test90/reference.go	spurious_correlation_results/human_annotation/full_code/test90/generated_completion.txt	spurious_correlation_results/human_annotation/full_code/test90/reference_completion.txt	spurious_correlation_results/human_annotation/full_code/test90/prompt.txt			
test90_t1677_s08	27	8	90	test90	1677	outer	outerColID	indexColID	8	8	alti_saliency	1355	Join	0.006083	 you  are  asked  to  complete  func  ensure Lookup [SOURCE:Join] Input Props (( join  * Lookup Join Expr	 returned <|im_end|> \n <|im_start|> assistant \n \t\t \t [TARGET:outer] Col ID  :=  lookup Expr Cols [n -	\n\t\t\touterColID := lookupExprCols[n-1-i]\n\t\t\tif !relational.OutputCols.Contains(outerColID) {\n\t\t\t\trelational	\n\t\t\tindexColID := join.Table.ColumnID(index.Column(i).Ordinal())\n\t\t\tif lookupExprCols.Contains(indexColID) {\n\t\t\t\trelational.OutputCols.Add(indexColID)\n\t\t\t}	spurious_correlation_results/human_annotation/full_code/test90/generated.go	spurious_correlation_results/human_annotation/full_code/test90/reference.go	spurious_correlation_results/human_annotation/full_code/test90/generated_completion.txt	spurious_correlation_results/human_annotation/full_code/test90/reference_completion.txt	spurious_correlation_results/human_annotation/full_code/test90/prompt.txt			
test90_t1677_s09	27	9	90	test90	1677	outer	outerColID	indexColID	9	9	alti_saliency	1443	 Include	0.005982	ational (). Output Cols )\n\n \t \t // [SOURCE: Include]  the  key  columns  in  the  output  columns .\n	 returned <|im_end|> \n <|im_start|> assistant \n \t\t \t [TARGET:outer] Col ID  :=  lookup Expr Cols [n -	\n\t\t\touterColID := lookupExprCols[n-1-i]\n\t\t\tif !relational.OutputCols.Contains(outerColID) {\n\t\t\t\trelational	\n\t\t\tindexColID := join.Table.ColumnID(index.Column(i).Ordinal())\n\t\t\tif lookupExprCols.Contains(indexColID) {\n\t\t\t\trelational.OutputCols.Add(indexColID)\n\t\t\t}	spurious_correlation_results/human_annotation/full_code/test90/generated.go	spurious_correlation_results/human_annotation/full_code/test90/reference.go	spurious_correlation_results/human_annotation/full_code/test90/generated_completion.txt	spurious_correlation_results/human_annotation/full_code/test90/reference_completion.txt	spurious_correlation_results/human_annotation/full_code/test90/prompt.txt			
test90_t1677_s10	27	10	90	test90	1677	outer	outerColID	indexColID	10	10	alti_saliency	1400	 :=	0.005568	 * props .Rel ational  {\n \t rel ational [SOURCE: :=]  & join .lookup Props \n \tif  relational .Output	 returned <|im_end|> \n <|im_start|> assistant \n \t\t \t [TARGET:outer] Col ID  :=  lookup Expr Cols [n -	\n\t\t\touterColID := lookupExprCols[n-1-i]\n\t\t\tif !relational.OutputCols.Contains(outerColID) {\n\t\t\t\trelational	\n\t\t\tindexColID := join.Table.ColumnID(index.Column(i).Ordinal())\n\t\t\tif lookupExprCols.Contains(indexColID) {\n\t\t\t\trelational.OutputCols.Add(indexColID)\n\t\t\t}	spurious_correlation_results/human_annotation/full_code/test90/generated.go	spurious_correlation_results/human_annotation/full_code/test90/reference.go	spurious_correlation_results/human_annotation/full_code/test90/generated_completion.txt	spurious_correlation_results/human_annotation/full_code/test90/reference_completion.txt	spurious_correlation_results/human_annotation/full_code/test90/prompt.txt			
test91_t302_s01	28	1	91	test91	302	 m	m	len	1	1	alti_saliency	300	\tl	0.046206	 are  returned <|im_end|> \n <|im_start|> assistant \n \t [SOURCE:\tl]  =  m .U ID .Size ()\n \t \tn	<|im_end|> \n <|im_start|> assistant \n \t \tl  = [TARGET: m] .U ID .Size ()\n \t \tn  +=  	\n\t\tl = m.UID.Size()\n\t\tn += 1 + l + sovGenerated(uint64(l))	\n\t\tl = len(*m.UID)\n\t\tn += 1 + l + sovGenerated(uint64(l))	spurious_correlation_results/human_annotation/full_code/test91/generated.go	spurious_correlation_results/human_annotation/full_code/test91/reference.go	spurious_correlation_results/human_annotation/full_code/test91/generated_completion.txt	spurious_correlation_results/human_annotation/full_code/test91/reference_completion.txt	spurious_correlation_results/human_annotation/full_code/test91/prompt.txt			
test91_t302_s02	28	2	91	test91	302	 m	m	len	2	2	alti_saliency	228	func	0.042573	Pre conditions )  Size ()  n  int \n [SOURCE:func]  ( m  * Pre conditions )  Size ()	<|im_end|> \n <|im_start|> assistant \n \t \tl  = [TARGET: m] .U ID .Size ()\n \t \tn  +=  	\n\t\tl = m.UID.Size()\n\t\tn += 1 + l + sovGenerated(uint64(l))	\n\t\tl = len(*m.UID)\n\t\tn += 1 + l + sovGenerated(uint64(l))	spurious_correlation_results/human_annotation/full_code/test91/generated.go	spurious_correlation_results/human_annotation/full_code/test91/reference.go	spurious_correlation_results/human_annotation/full_code/test91/generated_completion.txt	spurious_correlation_results/human_annotation/full_code/test91/reference_completion.txt	spurious_correlation_results/human_annotation/full_code/test91/prompt.txt			
test91_t302_s03	28	3	91	test91	302	 m	m	len	3	3	alti_saliency	223	 Size	0.028885	 complete  func  ( m  * Pre conditions ) [SOURCE: Size] ()  n  int \n func  ( m  *	<|im_end|> \n <|im_start|> assistant \n \t \tl  = [TARGET: m] .U ID .Size ()\n \t \tn  +=  	\n\t\tl = m.UID.Size()\n\t\tn += 1 + l + sovGenerated(uint64(l))	\n\t\tl = len(*m.UID)\n\t\tn += 1 + l + sovGenerated(uint64(l))	spurious_correlation_results/human_annotation/full_code/test91/generated.go	spurious_correlation_results/human_annotation/full_code/test91/reference.go	spurious_correlation_results/human_annotation/full_code/test91/generated_completion.txt	spurious_correlation_results/human_annotation/full_code/test91/reference_completion.txt	spurious_correlation_results/human_annotation/full_code/test91/prompt.txt			
test91_t302_s04	28	4	91	test91	302	 m	m	len	4	4	alti_saliency	254	\tvar	0.028396	 {\n \t \treturn   0 \n \t }\n [SOURCE:\tvar]  l  int \n \t _  =  l \n	<|im_end|> \n <|im_start|> assistant \n \t \tl  = [TARGET: m] .U ID .Size ()\n \t \tn  +=  	\n\t\tl = m.UID.Size()\n\t\tn += 1 + l + sovGenerated(uint64(l))	\n\t\tl = len(*m.UID)\n\t\tn += 1 + l + sovGenerated(uint64(l))	spurious_correlation_results/human_annotation/full_code/test91/generated.go	spurious_correlation_results/human_annotation/full_code/test91/reference.go	spurious_correlation_results/human_annotation/full_code/test91/generated_completion.txt	spurious_correlation_results/human_annotation/full_code/test91/reference_completion.txt	spurious_correlation_results/human_annotation/full_code/test91/prompt.txt			
test91_t302_s05	28	5	91	test91	302	 m	m	len	5	5	alti_saliency	216	 func	0.027849	 is  the  function  you  are  asked  to  complete [SOURCE: func]  ( m  * Pre conditions )  Size ()	<|im_end|> \n <|im_start|> assistant \n \t \tl  = [TARGET: m] .U ID .Size ()\n \t \tn  +=  	\n\t\tl = m.UID.Size()\n\t\tn += 1 + l + sovGenerated(uint64(l))	\n\t\tl = len(*m.UID)\n\t\tn += 1 + l + sovGenerated(uint64(l))	spurious_correlation_results/human_annotation/full_code/test91/generated.go	spurious_correlation_results/human_annotation/full_code/test91/reference.go	spurious_correlation_results/human_annotation/full_code/test91/generated_completion.txt	spurious_correlation_results/human_annotation/full_code/test91/reference_completion.txt	spurious_correlation_results/human_annotation/full_code/test91/prompt.txt			
test91_t302_s06	28	6	91	test91	302	 m	m	len	6	6	alti_saliency	255	 l	0.021742	\t \treturn   0 \n \t }\n \tvar [SOURCE: l]  int \n \t _  =  l \n \tif	<|im_end|> \n <|im_start|> assistant \n \t \tl  = [TARGET: m] .U ID .Size ()\n \t \tn  +=  	\n\t\tl = m.UID.Size()\n\t\tn += 1 + l + sovGenerated(uint64(l))	\n\t\tl = len(*m.UID)\n\t\tn += 1 + l + sovGenerated(uint64(l))	spurious_correlation_results/human_annotation/full_code/test91/generated.go	spurious_correlation_results/human_annotation/full_code/test91/reference.go	spurious_correlation_results/human_annotation/full_code/test91/generated_completion.txt	spurious_correlation_results/human_annotation/full_code/test91/reference_completion.txt	spurious_correlation_results/human_annotation/full_code/test91/prompt.txt			
test91_t302_s07	28	7	91	test91	302	 m	m	len	7	7	alti_saliency	235	 Size	0.021738	\n func  ( m  * Pre conditions ) [SOURCE: Size] ()  ( n  int )  {\n \tif  m	<|im_end|> \n <|im_start|> assistant \n \t \tl  = [TARGET: m] .U ID .Size ()\n \t \tn  +=  	\n\t\tl = m.UID.Size()\n\t\tn += 1 + l + sovGenerated(uint64(l))	\n\t\tl = len(*m.UID)\n\t\tn += 1 + l + sovGenerated(uint64(l))	spurious_correlation_results/human_annotation/full_code/test91/generated.go	spurious_correlation_results/human_annotation/full_code/test91/reference.go	spurious_correlation_results/human_annotation/full_code/test91/generated_completion.txt	spurious_correlation_results/human_annotation/full_code/test91/reference_completion.txt	spurious_correlation_results/human_annotation/full_code/test91/prompt.txt			
test91_t302_s08	28	8	91	test91	302	 m	m	len	8	8	alti_saliency	265	.U	0.0216	\n \t _  =  l \n \tif  m [SOURCE:.U] ID  !=  nil  {  < M ID >	<|im_end|> \n <|im_start|> assistant \n \t \tl  = [TARGET: m] .U ID .Size ()\n \t \tn  +=  	\n\t\tl = m.UID.Size()\n\t\tn += 1 + l + sovGenerated(uint64(l))	\n\t\tl = len(*m.UID)\n\t\tn += 1 + l + sovGenerated(uint64(l))	spurious_correlation_results/human_annotation/full_code/test91/generated.go	spurious_correlation_results/human_annotation/full_code/test91/reference.go	spurious_correlation_results/human_annotation/full_code/test91/generated_completion.txt	spurious_correlation_results/human_annotation/full_code/test91/reference_completion.txt	spurious_correlation_results/human_annotation/full_code/test91/prompt.txt			
test91_t302_s09	28	9	91	test91	302	 m	m	len	9	9	alti_saliency	113	/apimachinery	0.015451	" "" sort "";  "" k 8 s .io [SOURCE:/apimachinery] /pkg /api /resource "";  "" k 8 s"	<|im_end|> \n <|im_start|> assistant \n \t \tl  = [TARGET: m] .U ID .Size ()\n \t \tn  +=  	\n\t\tl = m.UID.Size()\n\t\tn += 1 + l + sovGenerated(uint64(l))	\n\t\tl = len(*m.UID)\n\t\tn += 1 + l + sovGenerated(uint64(l))	spurious_correlation_results/human_annotation/full_code/test91/generated.go	spurious_correlation_results/human_annotation/full_code/test91/reference.go	spurious_correlation_results/human_annotation/full_code/test91/generated_completion.txt	spurious_correlation_results/human_annotation/full_code/test91/reference_completion.txt	spurious_correlation_results/human_annotation/full_code/test91/prompt.txt			
test91_t302_s10	28	10	91	test91	302	 m	m	len	10	10	alti_saliency	268	 nil	0.012859	 =  l \n \tif  m .U ID  != [SOURCE: nil]  {  < M ID >   \t }\n	<|im_end|> \n <|im_start|> assistant \n \t \tl  = [TARGET: m] .U ID .Size ()\n \t \tn  +=  	\n\t\tl = m.UID.Size()\n\t\tn += 1 + l + sovGenerated(uint64(l))	\n\t\tl = len(*m.UID)\n\t\tn += 1 + l + sovGenerated(uint64(l))	spurious_correlation_results/human_annotation/full_code/test91/generated.go	spurious_correlation_results/human_annotation/full_code/test91/reference.go	spurious_correlation_results/human_annotation/full_code/test91/generated_completion.txt	spurious_correlation_results/human_annotation/full_code/test91/reference_completion.txt	spurious_correlation_results/human_annotation/full_code/test91/prompt.txt			
test92_t1232_s01	29	1	92	test92	1232	\tpath	path	pathParam	1	1	alti_saliency	882	\tvar	0.02679	string ,  url .Values ,  error )  {\n [SOURCE:\tvar]  path Param  =  map [string ]string {\n \t	 are  returned <|im_end|> \n <|im_start|> assistant \n \t [TARGET:\tpath] ,  err  =  ur item plates .Exp and	"\n\t\tpath, err = uritemplates.Expand(""termvectors"", pathParam, s.client.config.URLTemplates.TermVector)\n\t} else {\n\t\tpath"	"\n\t\tpathParam[""id""] = s.id\n\t\tpath, err = uritemplates.Expand(""/{index}/{type}/{id}/_termvector"", pathParam)\n\t} else {\n\t\tpath, err = uritemplates.Expand(""/{index}/{type}/_termvector"", pathParam)"	spurious_correlation_results/human_annotation/full_code/test92/generated.go	spurious_correlation_results/human_annotation/full_code/test92/reference.go	spurious_correlation_results/human_annotation/full_code/test92/generated_completion.txt	spurious_correlation_results/human_annotation/full_code/test92/reference_completion.txt	spurious_correlation_results/human_annotation/full_code/test92/prompt.txt			
test92_t1232_s02	29	2	92	test92	1232	\tpath	path	pathParam	2	2	alti_saliency	884	Param	0.021742	" url .Values ,  error )  {\n \tvar  path [SOURCE:Param]  =  map [string ]string {\n \t \t """	 are  returned <|im_end|> \n <|im_start|> assistant \n \t [TARGET:\tpath] ,  err  =  ur item plates .Exp and	"\n\t\tpath, err = uritemplates.Expand(""termvectors"", pathParam, s.client.config.URLTemplates.TermVector)\n\t} else {\n\t\tpath"	"\n\t\tpathParam[""id""] = s.id\n\t\tpath, err = uritemplates.Expand(""/{index}/{type}/{id}/_termvector"", pathParam)\n\t} else {\n\t\tpath, err = uritemplates.Expand(""/{index}/{type}/_termvector"", pathParam)"	spurious_correlation_results/human_annotation/full_code/test92/generated.go	spurious_correlation_results/human_annotation/full_code/test92/reference.go	spurious_correlation_results/human_annotation/full_code/test92/generated_completion.txt	spurious_correlation_results/human_annotation/full_code/test92/reference_completion.txt	spurious_correlation_results/human_annotation/full_code/test92/prompt.txt			
test92_t1232_s03	29	3	92	test92	1232	\tpath	path	pathParam	3	3	alti_saliency	908	\tvar	0.018817	"""type "":    s .typ ,\n \t }\n [SOURCE:\tvar]  path  string \n \tvar  err  error \n\n \t"	 are  returned <|im_end|> \n <|im_start|> assistant \n \t [TARGET:\tpath] ,  err  =  ur item plates .Exp and	"\n\t\tpath, err = uritemplates.Expand(""termvectors"", pathParam, s.client.config.URLTemplates.TermVector)\n\t} else {\n\t\tpath"	"\n\t\tpathParam[""id""] = s.id\n\t\tpath, err = uritemplates.Expand(""/{index}/{type}/{id}/_termvector"", pathParam)\n\t} else {\n\t\tpath, err = uritemplates.Expand(""/{index}/{type}/_termvector"", pathParam)"	spurious_correlation_results/human_annotation/full_code/test92/generated.go	spurious_correlation_results/human_annotation/full_code/test92/reference.go	spurious_correlation_results/human_annotation/full_code/test92/generated_completion.txt	spurious_correlation_results/human_annotation/full_code/test92/reference_completion.txt	spurious_correlation_results/human_annotation/full_code/test92/prompt.txt			
test92_t1232_s04	29	4	92	test92	1232	\tpath	path	pathParam	4	4	alti_saliency	862	func	0.013394	 (( string ,  url .Values ,  error ))\n [SOURCE:func]  ( s  * Term vector Service )  build	 are  returned <|im_end|> \n <|im_start|> assistant \n \t [TARGET:\tpath] ,  err  =  ur item plates .Exp and	"\n\t\tpath, err = uritemplates.Expand(""termvectors"", pathParam, s.client.config.URLTemplates.TermVector)\n\t} else {\n\t\tpath"	"\n\t\tpathParam[""id""] = s.id\n\t\tpath, err = uritemplates.Expand(""/{index}/{type}/{id}/_termvector"", pathParam)\n\t} else {\n\t\tpath, err = uritemplates.Expand(""/{index}/{type}/_termvector"", pathParam)"	spurious_correlation_results/human_annotation/full_code/test92/generated.go	spurious_correlation_results/human_annotation/full_code/test92/reference.go	spurious_correlation_results/human_annotation/full_code/test92/generated_completion.txt	spurious_correlation_results/human_annotation/full_code/test92/reference_completion.txt	spurious_correlation_results/human_annotation/full_code/test92/prompt.txt			
test92_t1232_s05	29	5	92	test92	1232	\tpath	path	pathParam	5	5	alti_saliency	883	 path	0.012702	,  url .Values ,  error )  {\n \tvar [SOURCE: path] Param  =  map [string ]string {\n \t \t	 are  returned <|im_end|> \n <|im_start|> assistant \n \t [TARGET:\tpath] ,  err  =  ur item plates .Exp and	"\n\t\tpath, err = uritemplates.Expand(""termvectors"", pathParam, s.client.config.URLTemplates.TermVector)\n\t} else {\n\t\tpath"	"\n\t\tpathParam[""id""] = s.id\n\t\tpath, err = uritemplates.Expand(""/{index}/{type}/{id}/_termvector"", pathParam)\n\t} else {\n\t\tpath, err = uritemplates.Expand(""/{index}/{type}/_termvector"", pathParam)"	spurious_correlation_results/human_annotation/full_code/test92/generated.go	spurious_correlation_results/human_annotation/full_code/test92/reference.go	spurious_correlation_results/human_annotation/full_code/test92/generated_completion.txt	spurious_correlation_results/human_annotation/full_code/test92/reference_completion.txt	spurious_correlation_results/human_annotation/full_code/test92/prompt.txt			
test92_t1232_s06	29	6	92	test92	1232	\tpath	path	pathParam	6	6	alti_saliency	72	elastic	0.012526	: github .com / ol iv ere / [SOURCE:elastic]  Below  is  the  code  repository :  github .com	 are  returned <|im_end|> \n <|im_start|> assistant \n \t [TARGET:\tpath] ,  err  =  ur item plates .Exp and	"\n\t\tpath, err = uritemplates.Expand(""termvectors"", pathParam, s.client.config.URLTemplates.TermVector)\n\t} else {\n\t\tpath"	"\n\t\tpathParam[""id""] = s.id\n\t\tpath, err = uritemplates.Expand(""/{index}/{type}/{id}/_termvector"", pathParam)\n\t} else {\n\t\tpath, err = uritemplates.Expand(""/{index}/{type}/_termvector"", pathParam)"	spurious_correlation_results/human_annotation/full_code/test92/generated.go	spurious_correlation_results/human_annotation/full_code/test92/reference.go	spurious_correlation_results/human_annotation/full_code/test92/generated_completion.txt	spurious_correlation_results/human_annotation/full_code/test92/reference_completion.txt	spurious_correlation_results/human_annotation/full_code/test92/prompt.txt			
test92_t1232_s07	29	7	92	test92	1232	\tpath	path	pathParam	7	7	alti_saliency	852	URL	0.010823	 ( s  * Term vector Service )  build [SOURCE:URL] ()  (( string ,  url .Values ,  error	 are  returned <|im_end|> \n <|im_start|> assistant \n \t [TARGET:\tpath] ,  err  =  ur item plates .Exp and	"\n\t\tpath, err = uritemplates.Expand(""termvectors"", pathParam, s.client.config.URLTemplates.TermVector)\n\t} else {\n\t\tpath"	"\n\t\tpathParam[""id""] = s.id\n\t\tpath, err = uritemplates.Expand(""/{index}/{type}/{id}/_termvector"", pathParam)\n\t} else {\n\t\tpath, err = uritemplates.Expand(""/{index}/{type}/_termvector"", pathParam)"	spurious_correlation_results/human_annotation/full_code/test92/generated.go	spurious_correlation_results/human_annotation/full_code/test92/reference.go	spurious_correlation_results/human_annotation/full_code/test92/generated_completion.txt	spurious_correlation_results/human_annotation/full_code/test92/reference_completion.txt	spurious_correlation_results/human_annotation/full_code/test92/prompt.txt			
test92_t1232_s08	29	8	92	test92	1232	\tpath	path	pathParam	8	8	alti_saliency	103	/url	0.010026	"encoding /json "";  "" fmt "";  "" net [SOURCE:/url] "";  "" strings "";  "" g op kg"	 are  returned <|im_end|> \n <|im_start|> assistant \n \t [TARGET:\tpath] ,  err  =  ur item plates .Exp and	"\n\t\tpath, err = uritemplates.Expand(""termvectors"", pathParam, s.client.config.URLTemplates.TermVector)\n\t} else {\n\t\tpath"	"\n\t\tpathParam[""id""] = s.id\n\t\tpath, err = uritemplates.Expand(""/{index}/{type}/{id}/_termvector"", pathParam)\n\t} else {\n\t\tpath, err = uritemplates.Expand(""/{index}/{type}/_termvector"", pathParam)"	spurious_correlation_results/human_annotation/full_code/test92/generated.go	spurious_correlation_results/human_annotation/full_code/test92/reference.go	spurious_correlation_results/human_annotation/full_code/test92/generated_completion.txt	spurious_correlation_results/human_annotation/full_code/test92/reference_completion.txt	spurious_correlation_results/human_annotation/full_code/test92/prompt.txt			
test92_t1232_s09	29	9	92	test92	1232	\tpath	path	pathParam	9	9	alti_saliency	851	 build	0.008516	 func  ( s  * Term vector Service ) [SOURCE: build] URL ()  (( string ,  url .Values ,	 are  returned <|im_end|> \n <|im_start|> assistant \n \t [TARGET:\tpath] ,  err  =  ur item plates .Exp and	"\n\t\tpath, err = uritemplates.Expand(""termvectors"", pathParam, s.client.config.URLTemplates.TermVector)\n\t} else {\n\t\tpath"	"\n\t\tpathParam[""id""] = s.id\n\t\tpath, err = uritemplates.Expand(""/{index}/{type}/{id}/_termvector"", pathParam)\n\t} else {\n\t\tpath, err = uritemplates.Expand(""/{index}/{type}/_termvector"", pathParam)"	spurious_correlation_results/human_annotation/full_code/test92/generated.go	spurious_correlation_results/human_annotation/full_code/test92/reference.go	spurious_correlation_results/human_annotation/full_code/test92/generated_completion.txt	spurious_correlation_results/human_annotation/full_code/test92/reference_completion.txt	spurious_correlation_results/human_annotation/full_code/test92/prompt.txt			
test92_t1232_s10	29	10	92	test92	1232	\tpath	path	pathParam	10	10	alti_saliency	910	 string	0.007739	   s .typ ,\n \t }\n \tvar  path [SOURCE: string] \n \tvar  err  error \n\n \t //  Build	 are  returned <|im_end|> \n <|im_start|> assistant \n \t [TARGET:\tpath] ,  err  =  ur item plates .Exp and	"\n\t\tpath, err = uritemplates.Expand(""termvectors"", pathParam, s.client.config.URLTemplates.TermVector)\n\t} else {\n\t\tpath"	"\n\t\tpathParam[""id""] = s.id\n\t\tpath, err = uritemplates.Expand(""/{index}/{type}/{id}/_termvector"", pathParam)\n\t} else {\n\t\tpath, err = uritemplates.Expand(""/{index}/{type}/_termvector"", pathParam)"	spurious_correlation_results/human_annotation/full_code/test92/generated.go	spurious_correlation_results/human_annotation/full_code/test92/reference.go	spurious_correlation_results/human_annotation/full_code/test92/generated_completion.txt	spurious_correlation_results/human_annotation/full_code/test92/reference_completion.txt	spurious_correlation_results/human_annotation/full_code/test92/prompt.txt			
test95_t1815_s01	30	1	95	test95	1815	.New	Newf	Errorf	1	1	alti_saliency	1814	 errors	0.096124	" returned <|im_end|> \n <|im_start|> assistant \n \t \treturn [SOURCE: errors] .New f (\n \t\t \t "" unsafe  load"	"<|im_end|> \n <|im_start|> assistant \n \t \treturn  errors [TARGET:.New] f (\n \t\t \t "" unsafe  load  based"	"\n\t\treturn errors.Newf(\n\t\t\t""unsafe load based splitter returning a split key equal to the start key of the range (%s)"", splitKey)"	"\n\t\treturn errors.Errorf(\n\t\t\t""split key is equal to range start key (split_key=%s)"",\n\t\t\tsplitRKey)"	spurious_correlation_results/human_annotation/full_code/test95/generated.go	spurious_correlation_results/human_annotation/full_code/test95/reference.go	spurious_correlation_results/human_annotation/full_code/test95/generated_completion.txt	spurious_correlation_results/human_annotation/full_code/test95/reference_completion.txt	spurious_correlation_results/human_annotation/full_code/test95/prompt.txt			
test95_t1815_s02	30	2	95	test95	1815	.New	Newf	Errorf	2	2	alti_saliency	1813	\treturn	0.038721	" are  returned <|im_end|> \n <|im_start|> assistant \n \t [SOURCE:\treturn]  errors .New f (\n \t\t \t "" unsafe"	"<|im_end|> \n <|im_start|> assistant \n \t \treturn  errors [TARGET:.New] f (\n \t\t \t "" unsafe  load  based"	"\n\t\treturn errors.Newf(\n\t\t\t""unsafe load based splitter returning a split key equal to the start key of the range (%s)"", splitKey)"	"\n\t\treturn errors.Errorf(\n\t\t\t""split key is equal to range start key (split_key=%s)"",\n\t\t\tsplitRKey)"	spurious_correlation_results/human_annotation/full_code/test95/generated.go	spurious_correlation_results/human_annotation/full_code/test95/reference.go	spurious_correlation_results/human_annotation/full_code/test95/generated_completion.txt	spurious_correlation_results/human_annotation/full_code/test95/reference_completion.txt	spurious_correlation_results/human_annotation/full_code/test95/prompt.txt			
test95_t1815_s03	30	3	95	test95	1815	.New	Newf	Errorf	3	3	alti_saliency	246	/errors	0.024657	""";  "" github .com / cock roach db [SOURCE:/errors] ""  The  receiver  struct  definitions  of  the  function"	"<|im_end|> \n <|im_start|> assistant \n \t \treturn  errors [TARGET:.New] f (\n \t\t \t "" unsafe  load  based"	"\n\t\treturn errors.Newf(\n\t\t\t""unsafe load based splitter returning a split key equal to the start key of the range (%s)"", splitKey)"	"\n\t\treturn errors.Errorf(\n\t\t\t""split key is equal to range start key (split_key=%s)"",\n\t\t\tsplitRKey)"	spurious_correlation_results/human_annotation/full_code/test95/generated.go	spurious_correlation_results/human_annotation/full_code/test95/reference.go	spurious_correlation_results/human_annotation/full_code/test95/generated_completion.txt	spurious_correlation_results/human_annotation/full_code/test95/reference_completion.txt	spurious_correlation_results/human_annotation/full_code/test95/prompt.txt			
test95_t1815_s04	30	4	95	test95	1815	.New	Newf	Errorf	4	4	alti_saliency	69	roach	0.020222	 the  package  path : github .com / cock [SOURCE:roach] db / cock roach /pkg /k v /k	"<|im_end|> \n <|im_start|> assistant \n \t \treturn  errors [TARGET:.New] f (\n \t\t \t "" unsafe  load  based"	"\n\t\treturn errors.Newf(\n\t\t\t""unsafe load based splitter returning a split key equal to the start key of the range (%s)"", splitKey)"	"\n\t\treturn errors.Errorf(\n\t\t\t""split key is equal to range start key (split_key=%s)"",\n\t\t\tsplitRKey)"	spurious_correlation_results/human_annotation/full_code/test95/generated.go	spurious_correlation_results/human_annotation/full_code/test95/reference.go	spurious_correlation_results/human_annotation/full_code/test95/generated_completion.txt	spurious_correlation_results/human_annotation/full_code/test95/reference_completion.txt	spurious_correlation_results/human_annotation/full_code/test95/prompt.txt			
test95_t1815_s05	30	5	95	test95	1815	.New	Newf	Errorf	5	5	alti_saliency	73	roach	0.01396	github .com / cock roach db / cock [SOURCE:roach] /pkg /k v /k v server  Below  is	"<|im_end|> \n <|im_start|> assistant \n \t \treturn  errors [TARGET:.New] f (\n \t\t \t "" unsafe  load  based"	"\n\t\treturn errors.Newf(\n\t\t\t""unsafe load based splitter returning a split key equal to the start key of the range (%s)"", splitKey)"	"\n\t\treturn errors.Errorf(\n\t\t\t""split key is equal to range start key (split_key=%s)"",\n\t\t\tsplitRKey)"	spurious_correlation_results/human_annotation/full_code/test95/generated.go	spurious_correlation_results/human_annotation/full_code/test95/reference.go	spurious_correlation_results/human_annotation/full_code/test95/generated_completion.txt	spurious_correlation_results/human_annotation/full_code/test95/reference_completion.txt	spurious_correlation_results/human_annotation/full_code/test95/prompt.txt			
test95_t1815_s06	30	6	95	test95	1815	.New	Newf	Errorf	6	6	alti_saliency	68	cock	0.012705	 is  the  package  path : github .com / [SOURCE:cock] roach db / cock roach /pkg /k v	"<|im_end|> \n <|im_start|> assistant \n \t \treturn  errors [TARGET:.New] f (\n \t\t \t "" unsafe  load  based"	"\n\t\treturn errors.Newf(\n\t\t\t""unsafe load based splitter returning a split key equal to the start key of the range (%s)"", splitKey)"	"\n\t\treturn errors.Errorf(\n\t\t\t""split key is equal to range start key (split_key=%s)"",\n\t\t\tsplitRKey)"	spurious_correlation_results/human_annotation/full_code/test95/generated.go	spurious_correlation_results/human_annotation/full_code/test95/reference.go	spurious_correlation_results/human_annotation/full_code/test95/generated_completion.txt	spurious_correlation_results/human_annotation/full_code/test95/reference_completion.txt	spurious_correlation_results/human_annotation/full_code/test95/prompt.txt			
test95_t1815_s07	30	7	95	test95	1815	.New	Newf	Errorf	7	7	alti_saliency	240	github	0.010284	"/ cock roach /pkg /util /log "";  "" [SOURCE:github] .com / cock roach db /errors ""  The"	"<|im_end|> \n <|im_start|> assistant \n \t \treturn  errors [TARGET:.New] f (\n \t\t \t "" unsafe  load  based"	"\n\t\treturn errors.Newf(\n\t\t\t""unsafe load based splitter returning a split key equal to the start key of the range (%s)"", splitKey)"	"\n\t\treturn errors.Errorf(\n\t\t\t""split key is equal to range start key (split_key=%s)"",\n\t\t\tsplitRKey)"	spurious_correlation_results/human_annotation/full_code/test95/generated.go	spurious_correlation_results/human_annotation/full_code/test95/reference.go	spurious_correlation_results/human_annotation/full_code/test95/generated_completion.txt	spurious_correlation_results/human_annotation/full_code/test95/reference_completion.txt	spurious_correlation_results/human_annotation/full_code/test95/prompt.txt			
test95_t1815_s08	30	8	95	test95	1815	.New	Newf	Errorf	8	8	alti_saliency	65	github	0.009607	 content .  Below  is  the  package  path : [SOURCE:github] .com / cock roach db / cock roach	"<|im_end|> \n <|im_start|> assistant \n \t \treturn  errors [TARGET:.New] f (\n \t\t \t "" unsafe  load  based"	"\n\t\treturn errors.Newf(\n\t\t\t""unsafe load based splitter returning a split key equal to the start key of the range (%s)"", splitKey)"	"\n\t\treturn errors.Errorf(\n\t\t\t""split key is equal to range start key (split_key=%s)"",\n\t\t\tsplitRKey)"	spurious_correlation_results/human_annotation/full_code/test95/generated.go	spurious_correlation_results/human_annotation/full_code/test95/reference.go	spurious_correlation_results/human_annotation/full_code/test95/generated_completion.txt	spurious_correlation_results/human_annotation/full_code/test95/reference_completion.txt	spurious_correlation_results/human_annotation/full_code/test95/prompt.txt			
test95_t1815_s09	30	9	95	test95	1815	.New	Newf	Errorf	9	9	alti_saliency	244	roach	0.008706	"/util /log "";  "" github .com / cock [SOURCE:roach] db /errors ""  The  receiver  struct  definitions  of"	"<|im_end|> \n <|im_start|> assistant \n \t \treturn  errors [TARGET:.New] f (\n \t\t \t "" unsafe  load  based"	"\n\t\treturn errors.Newf(\n\t\t\t""unsafe load based splitter returning a split key equal to the start key of the range (%s)"", splitKey)"	"\n\t\treturn errors.Errorf(\n\t\t\t""split key is equal to range start key (split_key=%s)"",\n\t\t\tsplitRKey)"	spurious_correlation_results/human_annotation/full_code/test95/generated.go	spurious_correlation_results/human_annotation/full_code/test95/reference.go	spurious_correlation_results/human_annotation/full_code/test95/generated_completion.txt	spurious_correlation_results/human_annotation/full_code/test95/reference_completion.txt	spurious_correlation_results/human_annotation/full_code/test95/prompt.txt			
test95_t1815_s10	30	10	95	test95	1815	.New	Newf	Errorf	10	10	alti_saliency	72	cock	0.008592	: github .com / cock roach db / [SOURCE:cock] roach /pkg /k v /k v server  Below	"<|im_end|> \n <|im_start|> assistant \n \t \treturn  errors [TARGET:.New] f (\n \t\t \t "" unsafe  load  based"	"\n\t\treturn errors.Newf(\n\t\t\t""unsafe load based splitter returning a split key equal to the start key of the range (%s)"", splitKey)"	"\n\t\treturn errors.Errorf(\n\t\t\t""split key is equal to range start key (split_key=%s)"",\n\t\t\tsplitRKey)"	spurious_correlation_results/human_annotation/full_code/test95/generated.go	spurious_correlation_results/human_annotation/full_code/test95/reference.go	spurious_correlation_results/human_annotation/full_code/test95/generated_completion.txt	spurious_correlation_results/human_annotation/full_code/test95/reference_completion.txt	spurious_correlation_results/human_annotation/full_code/test95/prompt.txt			
